Round,BucketID,MaleID,Treat,Pat_Treat,Larval_Treat,Side,Spicule Length,Arm Length,Body Length,Initials
1,H1-H2,H1,HH,H,H,L,0.13591,0.14842,,TL
1,H1-H2,H1,HH,H,H,L,0.15812,0.1572,0.15949,TL
1,H1-H2,H1,HH,H,H,L,0.16428,0.14417,0.15053,TL
1,H1-H2,H1,HH,H,H,L,0.16438,0.15977,0.16167,TL
1,H1-H2,H1,HH,H,H,L,0.16664,0.15371,0.15822,TL
1,H1-H2,H1,HH,H,H,L,0.16848,0.1614,,TL
1,H1-H2,H1,HH,H,H,L,0.17047,0.16495,0.15985,TL
1,H1-H2,H1,HH,H,H,L,0.1709,0.17099,0.1703,TL
1,H1-H2,H1,HH,H,H,L,0.17481,0.17932,0.17097,TL
1,H1-H2,H1,HH,H,H,L,0.17888,0.16925,0.17236,TL
1,H1-H2,H1,HH,H,H,L,0.17949,0.16512,0.16607,TL
1,H1-H2,H1,HH,H,H,L,0.18234,0.17771,0.17535,TL
1,H1-H2,H1,HH,H,H,L,0.18377,0.18039,0.17603,TL
1,H1-H2,H1,HH,H,H,L,0.18436,0.17545,0.17004,TL
1,H1-H2,H1,HH,H,H,L,0.18899,0.16359,,TL
1,H1-H2,H1,HH,H,H,L,0.19276,0.18436,0.17557,TL
1,H1-H2,H1,HH,H,H,L,0.19372,0.18383,0.17719,TL
1,H1-H2,H1,HH,H,H,L,0.19419,0.16737,0.16813,TL
1,H1-H2,H1,HH,H,H,L,0.20062,0.18791,0.1739,TL
1,H1-H2,H1,HH,H,H,L,0.20634,0.20134,0.18026,TL
1,H1-H2,H1,HH,H,H,L,0.2147,0.2096,0.20117,TL
1,H1-H2,H1,HH,H,H,R,0.1479,0.13989,0.14298,TL
1,H1-H2,H1,HH,H,H,R,0.15279,0.15697,,TL
1,H1-H2,H1,HH,H,H,R,0.15407,0.14007,0.14693,TL
1,H1-H2,H1,HH,H,H,R,0.15747,0.14571,0.14729,TL
1,H1-H2,H1,HH,H,H,R,0.16172,0.157,0.16342,TL
1,H1-H2,H1,HH,H,H,R,0.16369,0.14706,0.15308,TL
1,H1-H2,H1,HH,H,H,R,0.16476,0.15698,0.15785,TL
1,H1-H2,H1,HH,H,H,R,0.17038,0.1536,,TL
1,H1-H2,H1,HH,H,H,R,0.17278,0.16661,0.16436,TL
1,H1-H2,H1,HH,H,H,R,0.17431,0.16993,,TL
1,H1-H2,H1,HH,H,H,R,0.1744,0.15012,0.15247,TL
1,H1-H2,H1,HH,H,H,R,0.17901,0.16754,0.16024,TL
1,H1-H2,H1,HH,H,H,R,0.18164,0.16135,0.16216,TL
1,H1-H2,H1,HH,H,H,R,0.18201,0.17175,0.17729,TL
1,H1-H2,H1,HH,H,H,R,0.1825,0.15967,0.15894,TL
1,H1-H2,H1,HH,H,H,R,0.18281,0.18071,0.171,TL
1,H1-H2,H1,HH,H,H,R,0.18484,0.16057,0.15558,TL
1,H1-H2,H1,HH,H,H,R,0.18508,0.17382,,TL
1,H1-H2,H1,HH,H,H,R,0.18515,0.1622,,TL
1,H1-H2,H1,HH,H,H,R,0.18599,0.18073,0.17773,TL
1,H1-H2,H1,HH,H,H,R,0.18841,0.16666,,TL
1,H1-H2,H1,HH,H,H,R,0.18852,0.18541,,TL
1,H1-H2,H1,HH,H,H,R,0.18912,0.17951,0.18023,TL
1,H1-H2,H1,HH,H,H,R,0.18939,0.15432,0.15827,TL
1,H1-H2,H1,HH,H,H,R,0.18972,0.16678,0.15893,TL
1,H1-H2,H1,HH,H,H,R,0.19022,0.16381,0.16526,TL
1,H1-H2,H1,HH,H,H,R,0.1918,0.18759,0.18289,TL
1,H1-H2,H1,HH,H,H,R,0.19296,0.18726,,TL
1,H1-H2,H1,HH,H,H,R,0.19298,0.18972,,TL
1,H1-H2,H1,HH,H,H,R,0.19883,0.19175,0.17556,TL
1,H1-H2,H1,HH,H,H,R,0.2021,0.19805,0.17756,TL
1,H1-H2,H1,HH,H,H,R,0.21026,0.20316,0.18394,TL
1,H1-H2,H1,HH,H,H,R,0.21297,0.2056,0.1888,TL
1,H1-H2,H1,HH,H,H,R,,0.1294,0.14339,TL
1,H1-H2,H1,HH,H,H,R,,0.13789,0.14558,TL
1,H1-L2,H1,HL,H,L,L,0.0949,0.11052,0.1245,TL
1,H1-L2,H1,HL,H,L,L,0.09988,0.11854,0.12792,TL
1,H1-L2,H1,HL,H,L,L,0.10285,0.12972,0.14154,TL
1,H1-L2,H1,HL,H,L,L,0.1115,0.12339,,TL
1,H1-L2,H1,HL,H,L,L,0.11728,0.12492,,TL
1,H1-L2,H1,HL,H,L,L,0.1189,0.13018,,TL
1,H1-L2,H1,HL,H,L,L,0.11984,0.11939,0.12732,TL
1,H1-L2,H1,HL,H,L,L,0.12225,0.12806,0.13497,TL
1,H1-L2,H1,HL,H,L,L,0.12766,0.12998,0.13585,TL
1,H1-L2,H1,HL,H,L,L,0.12771,0.13617,0.15531,TL
1,H1-L2,H1,HL,H,L,L,0.12851,0.12669,0.14211,TL
1,H1-L2,H1,HL,H,L,L,0.13351,0.13549,0.13789,TL
1,H1-L2,H1,HL,H,L,L,0.13484,0.13841,,TL
1,H1-L2,H1,HL,H,L,L,0.13609,0.1399,0.13887,TL
1,H1-L2,H1,HL,H,L,L,0.13638,0.137,0.14191,TL
1,H1-L2,H1,HL,H,L,L,0.13849,0.13455,0.14167,TL
1,H1-L2,H1,HL,H,L,L,0.13998,0.14238,,TL
1,H1-L2,H1,HL,H,L,L,0.14099,0.13904,0.15298,TL
1,H1-L2,H1,HL,H,L,L,0.14114,0.14375,0.14876,TL
1,H1-L2,H1,HL,H,L,L,0.14374,0.14255,0.15215,TL
1,H1-L2,H1,HL,H,L,L,0.14443,0.14497,0.15006,TL
1,H1-L2,H1,HL,H,L,L,0.14544,0.14529,,TL
1,H1-L2,H1,HL,H,L,L,0.15286,0.14831,0.15045,TL
1,H1-L2,H1,HL,H,L,L,0.15445,0.15417,0.15146,TL
1,H1-L2,H1,HL,H,L,L,,0.12889,0.1393,TL
1,H1-L2,H1,HL,H,L,L,,0.14862,0.15066,TL
1,H1-L2,H1,HL,H,L,L,,0.12169,0.13329,TL
1,H1-L2,H1,HL,H,L,R,0.10444,0.1242,0.1322,TL
1,H1-L2,H1,HL,H,L,R,0.10838,0.12151,0.14413,TL
1,H1-L2,H1,HL,H,L,R,0.12251,0.12535,0.12957,TL
1,H1-L2,H1,HL,H,L,R,0.12453,0.12602,0.14064,TL
1,H1-L2,H1,HL,H,L,R,0.12809,0.13456,0.14076,TL
1,H1-L2,H1,HL,H,L,R,0.12923,0.14194,0.14826,TL
1,H1-L2,H1,HL,H,L,R,0.12942,0.13297,0.14354,TL
1,H1-L2,H1,HL,H,L,R,0.1323,0.14803,0.14927,TL
1,H1-L2,H1,HL,H,L,R,0.13365,0.1412,,TL
1,H1-L2,H1,HL,H,L,R,0.13374,0.13456,0.1412,TL
1,H1-L2,H1,HL,H,L,R,0.13632,0.13743,0.14088,TL
1,H1-L2,H1,HL,H,L,R,0.13761,0.14027,0.14902,TL
1,H1-L2,H1,HL,H,L,R,0.14093,0.13861,0.15502,TL
1,H1-L2,H1,HL,H,L,R,0.14103,0.1402,0.14299,TL
1,H1-L2,H1,HL,H,L,R,0.14166,0.13601,0.14696,TL
1,H1-L2,H1,HL,H,L,R,0.14412,0.14738,0.15053,TL
1,H1-L2,H1,HL,H,L,R,0.145,0.14739,0.16232,TL
1,H1-L2,H1,HL,H,L,R,0.1454,0.14654,0.15191,TL
1,H1-L2,H1,HL,H,L,R,0.14565,0.14617,0.15103,TL
1,H1-L2,H1,HL,H,L,R,0.14586,0.14127,0.15121,TL
1,H1-L2,H1,HL,H,L,R,0.14941,0.1405,0.14608,TL
1,H1-L2,H1,HL,H,L,R,0.1529,0.15179,0.15411,TL
1,H1-L2,H1,HL,H,L,R,0.15901,0.15569,0.15065,TL
1,H1-L2,H1,HL,H,L,R,,0.12379,0.13526,TL
1,H1-L2,H1,HL,H,L,R,,0.13738,0.15307,TL
1,H2-H2,H2,HH,H,H,L,0.15832,0.14858,0.15071,TL
1,H2-H2,H2,HH,H,H,L,0.15871,0.15542,0.15959,TL
1,H2-H2,H2,HH,H,H,L,0.16245,0.15542,0.15279,TL
1,H2-H2,H2,HH,H,H,L,0.17629,0.16841,0.16638,TL
1,H2-H2,H2,HH,H,H,L,0.18025,0.16951,0.16918,TL
1,H2-H2,H2,HH,H,H,L,0.18101,0.16703,0.16304,TL
1,H2-H2,H2,HH,H,H,L,0.18159,0.17902,0.17042,TL
1,H2-H2,H2,HH,H,H,L,0.1849,0.17007,0.16749,TL
1,H2-H2,H2,HH,H,H,L,0.1873,0.17845,0.1729,TL
1,H2-H2,H2,HH,H,H,L,0.18731,0.1793,0.17025,TL
1,H2-H2,H2,HH,H,H,L,0.18941,0.17752,0.17325,TL
1,H2-H2,H2,HH,H,H,L,0.19047,0.17766,,TL
1,H2-H2,H2,HH,H,H,L,0.19356,0.18109,,TL
1,H2-H2,H2,HH,H,H,L,,0.17289,0.16537,TL
1,H2-H2,H2,HH,H,H,L,,0.1707,0.16692,TL
1,H2-H2,H2,HH,H,H,R,0.14031,0.14092,,TL
1,H2-H2,H2,HH,H,H,R,0.14812,0.15332,0.16477,TL
1,H2-H2,H2,HH,H,H,R,0.16127,0.15511,0.15312,TL
1,H2-H2,H2,HH,H,H,R,0.16478,0.16086,,TL
1,H2-H2,H2,HH,H,H,R,0.17025,0.16433,0.1632,TL
1,H2-H2,H2,HH,H,H,R,0.17376,0.16271,0.15346,TL
1,H2-H2,H2,HH,H,H,R,0.17519,0.16771,0.1685,TL
1,H2-H2,H2,HH,H,H,R,0.17605,0.16984,0.16252,TL
1,H2-H2,H2,HH,H,H,R,0.18121,0.17456,0.16854,TL
1,H2-H2,H2,HH,H,H,R,0.18487,0.17518,,TL
1,H2-H2,H2,HH,H,H,R,0.19844,0.1896,,TL
1,H2-H2,H2,HH,H,H,R,0.20017,0.19582,,TL
1,H2-H2,H2,HH,H,H,R,,0.1291,0.14003,TL
1,H2-L2,H2,HL,H,L,L,0.10644,0.12112,0.13092,TL
1,H2-L2,H2,HL,H,L,L,0.10823,0.12215,0.12631,TL
1,H2-L2,H2,HL,H,L,L,0.10936,0.13083,0.14347,TL
1,H2-L2,H2,HL,H,L,L,0.11166,0.124,0.13019,TL
1,H2-L2,H2,HL,H,L,L,0.1148,0.13033,0.13584,TL
1,H2-L2,H2,HL,H,L,L,0.12294,0.1377,,TL
1,H2-L2,H2,HL,H,L,L,0.12628,0.13541,0.14376,TL
1,H2-L2,H2,HL,H,L,L,0.12744,0.12811,,TL
1,H2-L2,H2,HL,H,L,L,0.13053,0.13681,0.14687,TL
1,H2-L2,H2,HL,H,L,L,0.13612,0.13837,0.14138,TL
1,H2-L2,H2,HL,H,L,L,0.13996,0.14019,0.14246,TL
1,H2-L2,H2,HL,H,L,L,0.14011,0.13972,0.14022,TL
1,H2-L2,H2,HL,H,L,L,0.14129,0.14306,,TL
1,H2-L2,H2,HL,H,L,L,0.15166,0.15082,0.15271,TL
1,H2-L2,H2,HL,H,L,L,,0.13994,0.14529,TL
1,H2-L2,H2,HL,H,L,L,,0.1368,0.14279,TL
1,H2-L2,H2,HL,H,L,L,,0.12137,0.12338,TL
1,H2-L2,H2,HL,H,L,R,0.1195,0.13,0.13814,TL
1,H2-L2,H2,HL,H,L,R,0.12052,0.12433,0.13695,TL
1,H2-L2,H2,HL,H,L,R,0.12316,0.13217,0.13657,TL
1,H2-L2,H2,HL,H,L,R,0.12454,0.14039,,TL
1,H2-L2,H2,HL,H,L,R,0.1284,0.12895,0.13677,TL
1,H2-L2,H2,HL,H,L,R,0.13844,0.13905,,TL
1,H2-L2,H2,HL,H,L,R,0.14102,0.13526,0.13807,TL
1,H2-L2,H2,HL,H,L,R,0.1416,0.14251,0.14646,TL
1,H2-L2,H2,HL,H,L,R,0.14415,0.14546,0.14206,TL
1,H2-L2,H2,HL,H,L,R,0.14848,0.14345,0.14576,TL
1,H2-L2,H2,HL,H,L,R,0.15629,0.151,0.15308,TL
1,H2-L2,H2,HL,H,L,R,0.15745,0.15443,0.15322,TL
1,H2-L2,H2,HL,H,L,R,,0.13049,0.13653,TL
1,H2-L2,H2,HL,H,L,R,,0.12635,0.15033,TL
1,H3-H2,H3,HH,H,H,L,0.14492,0.14609,0.15187,TL
1,H3-H2,H3,HH,H,H,L,0.15465,0.15413,,TL
1,H3-H2,H3,HH,H,H,L,0.15993,0.15338,0.14478,TL
1,H3-H2,H3,HH,H,H,L,0.16498,0.15587,0.16753,TL
1,H3-H2,H3,HH,H,H,L,0.17026,0.16612,0.15797,TL
1,H3-H2,H3,HH,H,H,L,0.17149,0.16687,,TL
1,H3-H2,H3,HH,H,H,L,0.17262,0.16957,0.16237,TL
1,H3-H2,H3,HH,H,H,L,0.17798,0.17643,0.15926,TL
1,H3-H2,H3,HH,H,H,L,0.17825,0.1784,0.17321,TL
1,H3-H2,H3,HH,H,H,L,0.18349,0.18067,0.18387,TL
1,H3-H2,H3,HH,H,H,L,0.18414,0.18553,,TL
1,H3-H2,H3,HH,H,H,L,0.18428,0.16299,,TL
1,H3-H2,H3,HH,H,H,L,0.20039,0.18615,0.17233,TL
1,H3-H2,H3,HH,H,H,L,0.20079,0.19408,,TL
1,H3-H2,H3,HH,H,H,L,0.20395,0.18691,,TL
1,H3-H2,H3,HH,H,H,L,0.20992,0.20064,0.18216,TL
1,H3-H2,H3,HH,H,H,L,0.20993,0.19998,,TL
1,H3-H2,H3,HH,H,H,L,0.21047,0.19307,0.18011,TL
1,H3-H2,H3,HH,H,H,L,0.21833,0.2117,0.18159,TL
1,H3-H2,H3,HH,H,H,L,,0.17545,0.17971,TL
1,H3-H2,H3,HH,H,H,R,0.14417,0.1495,0.15574,TL
1,H3-H2,H3,HH,H,H,R,0.15459,0.15403,0.15939,TL
1,H3-H2,H3,HH,H,H,R,0.16145,0.16078,0.15961,TL
1,H3-H2,H3,HH,H,H,R,0.16439,0.15037,,TL
1,H3-H2,H3,HH,H,H,R,0.16878,0.166,0.16341,TL
1,H3-H2,H3,HH,H,H,R,0.17606,0.17034,0.1651,TL
1,H3-H2,H3,HH,H,H,R,0.17704,0.17306,0.17556,TL
1,H3-H2,H3,HH,H,H,R,0.17908,0.18337,0.17755,TL
1,H3-H2,H3,HH,H,H,R,0.17915,0.17421,0.1696,TL
1,H3-H2,H3,HH,H,H,R,0.17987,0.16893,0.16333,TL
1,H3-H2,H3,HH,H,H,R,0.18195,0.17518,0.17076,TL
1,H3-H2,H3,HH,H,H,R,0.18249,0.1741,0.16765,TL
1,H3-H2,H3,HH,H,H,R,0.19022,0.18372,,TL
1,H3-H2,H3,HH,H,H,R,0.19198,0.18606,0.18183,TL
1,H3-H2,H3,HH,H,H,R,0.19389,0.19121,0.17596,TL
1,H3-H2,H3,HH,H,H,R,0.19907,0.18442,,TL
1,H3-H2,H3,HH,H,H,R,0.20572,0.19069,0.17713,TL
1,H3-H2,H3,HH,H,H,R,0.21628,0.21028,0.18648,TL
1,H3-L2,H3,HL,H,L,L,0.11826,0.13419,,TL
1,H3-L2,H3,HL,H,L,L,0.12369,0.12715,0.13701,TL
1,H3-L2,H3,HL,H,L,L,0.12378,0.12359,0.1297,TL
1,H3-L2,H3,HL,H,L,L,0.12599,0.12198,0.12777,TL
1,H3-L2,H3,HL,H,L,L,0.12782,0.12873,0.1423,TL
1,H3-L2,H3,HL,H,L,L,0.12969,0.13974,0.14722,TL
1,H3-L2,H3,HL,H,L,L,0.13261,0.12749,0.1366,TL
1,H3-L2,H3,HL,H,L,L,0.13783,0.13894,0.14419,TL
1,H3-L2,H3,HL,H,L,L,0.13816,0.14349,0.14504,TL
1,H3-L2,H3,HL,H,L,L,0.14168,0.14199,0.15263,TL
1,H3-L2,H3,HL,H,L,L,0.14303,0.14389,0.14965,TL
1,H3-L2,H3,HL,H,L,L,0.14555,0.1466,0.14633,TL
1,H3-L2,H3,HL,H,L,L,0.14753,0.14471,0.14535,TL
1,H3-L2,H3,HL,H,L,L,,0.14322,0.14376,TL
1,H3-L2,H3,HL,H,L,L,,0.13911,0.15033,TL
1,H3-L2,H3,HL,H,L,L,,0.13672,0.1431,TL
1,H3-L2,H3,HL,H,L,L,,0.14164,0.14552,TL
1,H3-L2,H3,HL,H,L,L,,0.16537,0.16115,TL
1,H3-L2,H3,HL,H,L,L,,0.14024,0.14451,TL
1,H3-L2,H3,HL,H,L,R,0.10793,0.11355,0.1344,TL
1,H3-L2,H3,HL,H,L,R,0.12737,0.14132,0.14927,TL
1,H3-L2,H3,HL,H,L,R,0.12813,0.13614,0.13966,TL
1,H3-L2,H3,HL,H,L,R,0.12821,0.13368,0.14473,TL
1,H3-L2,H3,HL,H,L,R,0.13039,0.13821,0.14519,TL
1,H3-L2,H3,HL,H,L,R,0.1331,0.13551,0.14453,TL
1,H3-L2,H3,HL,H,L,R,0.13465,0.13755,0.14132,TL
1,H3-L2,H3,HL,H,L,R,0.13484,0.14245,0.14371,TL
1,H3-L2,H3,HL,H,L,R,0.13626,0.13358,0.14617,TL
1,H3-L2,H3,HL,H,L,R,0.13699,0.13804,0.14594,TL
1,H3-L2,H3,HL,H,L,R,0.13722,0.13848,0.14267,TL
1,H3-L2,H3,HL,H,L,R,0.14956,0.14592,,TL
1,H3-L2,H3,HL,H,L,R,0.16009,0.1506,0.14892,TL
1,H3-L2,H3,HL,H,L,R,0.17018,0.16222,,TL
1,H3-L2,H3,HL,H,L,R,,0.14183,0.14178,TL
1,H3-L2,H3,HL,H,L,R,,0.11549,0.12476,TL
2,H4-H1,H4,HH,H,H,L,0.13684,0.13942,0.14821,TL
2,H4-H1,H4,HH,H,H,L,0.13894,0.13745,0.14565,TL
2,H4-H1,H4,HH,H,H,L,0.16431,,,TL
2,H4-H1,H4,HH,H,H,L,0.1676,0.15394,0.15449,TL
2,H4-H1,H4,HH,H,H,L,0.17013,0.16317,0.16206,TL
2,H4-H1,H4,HH,H,H,L,0.17191,0.15613,0.15197,TL
2,H4-H1,H4,HH,H,H,L,0.17795,0.16443,,TL
2,H4-H1,H4,HH,H,H,L,0.17811,0.17937,0.16906,TL
2,H4-H1,H4,HH,H,H,L,0.18114,0.16517,0.16442,TL
2,H4-H1,H4,HH,H,H,L,0.18313,0.17292,,TL
2,H4-H1,H4,HH,H,H,L,0.18726,0.1708,0.16869,TL
2,H4-H1,H4,HH,H,H,L,0.18741,0.17229,0.16291,TL
2,H4-H1,H4,HH,H,H,L,0.19015,0.18402,0.17405,TL
2,H4-H1,H4,HH,H,H,L,0.191,0.17046,,TL
2,H4-H1,H4,HH,H,H,L,0.19217,0.18108,0.17377,TL
2,H4-H1,H4,HH,H,H,L,0.19332,0.18117,0.16949,TL
2,H4-H1,H4,HH,H,H,L,0.19411,0.18257,0.17648,TL
2,H4-H1,H4,HH,H,H,L,0.2038,0.1879,0.17504,TL
2,H4-H1,H4,HH,H,H,L,0.20974,0.19506,,TL
2,H4-H1,H4,HH,H,H,L,,0.15332,0.1598,TL
2,H4-H1,H4,HH,H,H,R,0.14509,0.13966,0.14105,TL
2,H4-H1,H4,HH,H,H,R,0.15183,,0.1479,TL
2,H4-H1,H4,HH,H,H,R,0.15304,0.15056,0.15817,TL
2,H4-H1,H4,HH,H,H,R,0.15353,,0.14872,TL
2,H4-H1,H4,HH,H,H,R,0.15412,0.15283,0.15729,TL
2,H4-H1,H4,HH,H,H,R,0.15438,0.14337,0.15135,TL
2,H4-H1,H4,HH,H,H,R,0.15902,0.14955,0.15075,TL
2,H4-H1,H4,HH,H,H,R,0.16003,,,TL
2,H4-H1,H4,HH,H,H,R,0.16415,0.17229,0.16184,TL
2,H4-H1,H4,HH,H,H,R,0.16532,0.16227,,TL
2,H4-H1,H4,HH,H,H,R,0.173,0.16117,0.16117,TL
2,H4-H1,H4,HH,H,H,R,0.17417,0.1612,,TL
2,H4-H1,H4,HH,H,H,R,0.1816,0.16361,0.16753,TL
2,H4-H1,H4,HH,H,H,R,0.1855,0.16577,0.16407,TL
2,H4-H1,H4,HH,H,H,R,0.18827,0.18083,,TL
2,H4-H1,H4,HH,H,H,R,0.19196,0.18699,0.16807,TL
2,H4-H1,H4,HH,H,H,R,0.19777,0.18597,0.17385,TL
2,H4-H1,H4,HH,H,H,R,0.20152,0.18412,0.17097,TL
2,H4-H1,H4,HH,H,H,R,,0.15344,0.15848,TL
2,H4-H1,H4,HH,H,H,R,,0.14446,0.15588,TL
2,H4-L1,H4,HL,H,L,L,0.10654,0.12553,0.12765,
2,H4-L1,H4,HL,H,L,L,0.11442,0.12731,0.13888,
2,H4-L1,H4,HL,H,L,L,0.12841,0.12813,0.1374,
2,H4-L1,H4,HL,H,L,L,0.13371,0.13311,0.14751,
2,H4-L1,H4,HL,H,L,L,0.13487,0.13444,0.1366,
2,H4-L1,H4,HL,H,L,L,0.13542,0.13682,0.15106,
2,H4-L1,H4,HL,H,L,L,0.13571,0.14544,0.14985,
2,H4-L1,H4,HL,H,L,L,0.13705,0.13452,0.14102,
2,H4-L1,H4,HL,H,L,L,0.14454,,,
2,H4-L1,H4,HL,H,L,L,0.14461,0.14636,0.14716,
2,H4-L1,H4,HL,H,L,L,0.14471,0.14313,0.14645,
2,H4-L1,H4,HL,H,L,L,0.14716,0.14629,0.15211,
2,H4-L1,H4,HL,H,L,L,0.15204,0.14743,,
2,H4-L1,H4,HL,H,L,L,0.1762,0.16987,0.16369,
2,H4-L1,H4,HL,H,L,L,,0.13344,0.14236,
2,H4-L1,H4,HL,H,L,R,0.08084,0.12012,0.12448,
2,H4-L1,H4,HL,H,L,R,0.08951,0.12379,0.13687,
2,H4-L1,H4,HL,H,L,R,0.10361,,,
2,H4-L1,H4,HL,H,L,R,0.1108,0.12588,0.13439,
2,H4-L1,H4,HL,H,L,R,0.11631,,,
2,H4-L1,H4,HL,H,L,R,0.11882,0.1111,0.12248,
2,H4-L1,H4,HL,H,L,R,0.12087,,,
2,H4-L1,H4,HL,H,L,R,0.12806,0.13737,0.11783,
2,H4-L1,H4,HL,H,L,R,0.13186,0.13453,0.13334,
2,H4-L1,H4,HL,H,L,R,0.13924,0.14645,0.15539,
2,H4-L1,H4,HL,H,L,R,0.13991,0.13986,0.14468,
2,H4-L1,H4,HL,H,L,R,0.14448,0.14392,0.14832,
2,H4-L1,H4,HL,H,L,R,0.14461,0.13878,,
2,H4-L1,H4,HL,H,L,R,0.14516,0.14491,0.14989,
2,H4-L1,H4,HL,H,L,R,0.15417,0.15338,0.14958,
2,H4-L1,H4,HL,H,L,R,0.15723,0.15058,,
2,H4-L1,H4,HL,H,L,R,0.15764,0.15516,0.15743,
2,H4-L1,H4,HL,H,L,R,0.16064,0.1447,0.14573,
2,H4-L1,H4,HL,H,L,R,0.16389,0.16021,,
2,H4-L1,H4,HL,H,L,R,0.16445,0.15458,0.16303,
2,H4-L1,H4,HL,H,L,R,0.16706,0.15509,0.16054,
2,H4-L1,H4,HL,H,L,R,,0.14388,0.14422,
2,H4-L1,H4,HL,H,L,R,,0.11521,0.12724,
2,H5-H1,H5,HH,H,H,L,0.13648,0.13365,0.14141,TL
2,H5-H1,H5,HH,H,H,L,0.14546,0.13761,0.14057,TL
2,H5-H1,H5,HH,H,H,L,0.15376,0.15234,0.15302,TL
2,H5-H1,H5,HH,H,H,L,0.15603,0.1525,0.15033,TL
2,H5-H1,H5,HH,H,H,L,0.1596,0.16095,0.15558,TL
2,H5-H1,H5,HH,H,H,L,0.1601,0.15007,,TL
2,H5-H1,H5,HH,H,H,L,0.16139,0.13968,,TL
2,H5-H1,H5,HH,H,H,L,0.16336,0.15328,0.15688,TL
2,H5-H1,H5,HH,H,H,L,0.16418,0.15325,0.15165,TL
2,H5-H1,H5,HH,H,H,L,0.16737,0.16466,0.16764,TL
2,H5-H1,H5,HH,H,H,L,0.17208,0.16536,0.16239,TL
2,H5-H1,H5,HH,H,H,L,0.17416,0.17198,,TL
2,H5-H1,H5,HH,H,H,L,0.17558,0.15805,,TL
2,H5-H1,H5,HH,H,H,L,0.17631,0.16294,0.16152,TL
2,H5-H1,H5,HH,H,H,L,0.17796,0.16814,0.16857,TL
2,H5-H1,H5,HH,H,H,L,0.17871,0.16608,0.1686,TL
2,H5-H1,H5,HH,H,H,L,0.1791,0.16985,,TL
2,H5-H1,H5,HH,H,H,L,0.18004,0.16943,,TL
2,H5-H1,H5,HH,H,H,L,0.1823,0.16333,0.15657,TL
2,H5-H1,H5,HH,H,H,L,0.18259,0.17069,0.16807,TL
2,H5-H1,H5,HH,H,H,L,0.1844,0.17164,,TL
2,H5-H1,H5,HH,H,H,L,0.19243,0.17173,0.16912,TL
2,H5-H1,H5,HH,H,H,L,0.19676,0.19102,,TL
2,H5-H1,H5,HH,H,H,L,0.20162,0.19035,,TL
2,H5-H1,H5,HH,H,H,L,0.20492,0.18673,0.17932,TL
2,H5-H1,H5,HH,H,H,L,0.20643,0.18588,0.17461,TL
2,H5-H1,H5,HH,H,H,L,0.20658,0.18619,,TL
2,H5-H1,H5,HH,H,H,L,0.2081,0.19944,0.18297,TL
2,H5-H1,H5,HH,H,H,L,,0.18673,0.16903,TL
2,H5-H1,H5,HH,H,H,L,,0.13526,0.14247,TL
2,H5-H1,H5,HH,H,H,L,,0.15139,0.16086,TL
2,H5-H1,H5,HH,H,H,L,,0.15752,0.16049,TL
2,H5-H1,H5,HH,H,H,L,,0.12503,0.13683,TL
2,H5-H1,H5,HH,H,H,R,0.14199,0.13859,0.14011,TL
2,H5-H1,H5,HH,H,H,R,0.14522,0.14164,0.15294,TL
2,H5-H1,H5,HH,H,H,R,0.14563,0.13706,0.13687,TL
2,H5-H1,H5,HH,H,H,R,0.14623,0.14528,0.15162,TL
2,H5-H1,H5,HH,H,H,R,0.14823,0.14124,0.14196,TL
2,H5-H1,H5,HH,H,H,R,0.15085,0.14064,0.1412,TL
2,H5-H1,H5,HH,H,H,R,0.15216,0.14709,0.15379,TL
2,H5-H1,H5,HH,H,H,R,0.15298,0.15141,0.15159,TL
2,H5-H1,H5,HH,H,H,R,0.15348,0.1451,0.15158,TL
2,H5-H1,H5,HH,H,H,R,0.15792,0.15304,0.15516,TL
2,H5-H1,H5,HH,H,H,R,0.15981,0.15077,0.15175,TL
2,H5-H1,H5,HH,H,H,R,0.16316,0.15141,,TL
2,H5-H1,H5,HH,H,H,R,0.16433,0.1554,0.16069,TL
2,H5-H1,H5,HH,H,H,R,0.16486,0.15389,0.15962,TL
2,H5-H1,H5,HH,H,H,R,0.16614,0.15743,0.15073,TL
2,H5-H1,H5,HH,H,H,R,0.16616,0.14657,0.14968,TL
2,H5-H1,H5,HH,H,H,R,0.16687,0.15264,0.15224,TL
2,H5-H1,H5,HH,H,H,R,0.17015,0.16115,0.1537,TL
2,H5-H1,H5,HH,H,H,R,0.17121,0.15894,0.15748,TL
2,H5-H1,H5,HH,H,H,R,0.17123,0.16115,0.15375,TL
2,H5-H1,H5,HH,H,H,R,0.17247,0.16093,0.1588,TL
2,H5-H1,H5,HH,H,H,R,0.17548,0.16856,,TL
2,H5-H1,H5,HH,H,H,R,0.17763,0.17095,0.16388,TL
2,H5-H1,H5,HH,H,H,R,0.17792,0.1463,0.1424,TL
2,H5-H1,H5,HH,H,H,R,0.17797,0.15298,0.15942,TL
2,H5-H1,H5,HH,H,H,R,0.18011,0.17663,0.16881,TL
2,H5-H1,H5,HH,H,H,R,0.18308,0.1773,,TL
2,H5-H1,H5,HH,H,H,R,0.18322,0.17716,0.17773,TL
2,H5-H1,H5,HH,H,H,R,0.18474,0.1763,,TL
2,H5-H1,H5,HH,H,H,R,0.18542,0.17249,0.17023,TL
2,H5-H1,H5,HH,H,H,R,0.18694,0.16037,0.15251,TL
2,H5-H1,H5,HH,H,H,R,0.18797,0.1623,0.15238,TL
2,H5-H1,H5,HH,H,H,R,0.19006,0.1767,0.16664,TL
2,H5-H1,H5,HH,H,H,R,0.19117,0.1805,,TL
2,H5-H1,H5,HH,H,H,R,,0.16096,0.16685,TL
2,H5-L1,H5,HL,H,L,L,0.08539,0.12353,0.12946,TL
2,H5-L1,H5,HL,H,L,L,0.09941,0.12018,0.12526,TL
2,H5-L1,H5,HL,H,L,L,0.12954,0.13106,0.13754,TL
2,H5-L1,H5,HL,H,L,L,0.13946,0.13736,0.14328,TL
2,H5-L1,H5,HL,H,L,L,0.14361,0.14168,0.14461,TL
2,H5-L1,H5,HL,H,L,L,0.14526,0.14311,0.14691,TL
2,H5-L1,H5,HL,H,L,L,0.147,0.14318,0.1435,TL
2,H5-L1,H5,HL,H,L,L,0.14938,0.14803,0.15265,TL
2,H5-L1,H5,HL,H,L,L,0.15151,0.15401,0.15651,TL
2,H5-L1,H5,HL,H,L,L,0.15194,0.14842,0.14844,TL
2,H5-L1,H5,HL,H,L,L,0.15661,0.15051,0.14952,TL
2,H5-L1,H5,HL,H,L,L,0.15792,0.14522,0.14115,TL
2,H5-L1,H5,HL,H,L,L,0.1581,0.15746,0.15335,TL
2,H5-L1,H5,HL,H,L,L,0.15884,0.15245,0.15193,TL
2,H5-L1,H5,HL,H,L,L,0.16029,0.16529,0.1651,TL
2,H5-L1,H5,HL,H,L,L,0.16223,0.15688,0.15201,TL
2,H5-L1,H5,HL,H,L,L,0.16415,0.15525,0.15091,TL
2,H5-L1,H5,HL,H,L,L,0.17504,0.16845,0.16052,TL
2,H5-L1,H5,HL,H,L,L,0.17775,0.17214,0.16555,TL
2,H5-L1,H5,HL,H,L,L,,0.14129,0.14779,TL
2,H5-L1,H5,HL,H,L,L,,0.13734,0.14536,TL
2,H5-L1,H5,HL,H,L,L,,0.15132,0.15206,TL
2,H5-L1,H5,HL,H,L,R,0.10078,0.11857,0.12599,TL
2,H5-L1,H5,HL,H,L,R,0.11202,0.11885,0.1311,TL
2,H5-L1,H5,HL,H,L,R,0.13926,0.12997,0.13469,TL
2,H5-L1,H5,HL,H,L,R,0.14213,0.13767,0.13763,TL
2,H5-L1,H5,HL,H,L,R,0.14389,0.14375,0.14546,TL
2,H5-L1,H5,HL,H,L,R,0.14558,0.14436,,TL
2,H5-L1,H5,HL,H,L,R,0.14753,0.14253,0.15593,TL
2,H5-L1,H5,HL,H,L,R,0.14839,0.14765,0.15167,TL
2,H5-L1,H5,HL,H,L,R,0.14908,0.14344,0.14267,TL
2,H5-L1,H5,HL,H,L,R,0.15839,0.15944,0.16083,TL
2,H5-L1,H5,HL,H,L,R,0.15872,0.15262,0.15371,TL
2,H5-L1,H5,HL,H,L,R,0.16068,0.15381,,TL
2,H5-L1,H5,HL,H,L,R,0.16099,0.15825,0.15538,TL
2,H5-L1,H5,HL,H,L,R,0.16101,0.15361,0.15111,TL
2,H5-L1,H5,HL,H,L,R,0.17677,0.16715,0.15187,TL
2,H5-L1,H5,HL,H,L,R,0.17681,0.17191,0.16741,TL
2,H5-L1,H5,HL,H,L,R,0.17909,0.17206,0.16308,TL
2,H5-L1,H5,HL,H,L,R,0.18489,0.18173,0.17539,TL
2,H6-H1,H6,HH,H,H,L,0.13755,0.1388,0.14196,TL
2,H6-H1,H6,HH,H,H,L,0.15829,0.14826,0.15075,TL
2,H6-H1,H6,HH,H,H,L,0.16331,0.14654,0.15405,TL
2,H6-H1,H6,HH,H,H,L,0.17391,0.16051,0.16183,TL
2,H6-H1,H6,HH,H,H,L,0.17426,0.16793,0.17428,TL
2,H6-H1,H6,HH,H,H,L,0.17439,0.16193,0.16706,TL
2,H6-H1,H6,HH,H,H,L,0.17628,0.15801,0.16223,TL
2,H6-H1,H6,HH,H,H,L,0.18078,0.16549,0.16373,TL
2,H6-H1,H6,HH,H,H,L,0.18141,0.17616,0.17062,TL
2,H6-H1,H6,HH,H,H,L,0.18345,0.16087,0.15666,TL
2,H6-H1,H6,HH,H,H,L,0.1865,0.17183,0.16803,TL
2,H6-H1,H6,HH,H,H,L,0.18785,0.16692,0.16483,TL
2,H6-H1,H6,HH,H,H,L,0.1893,0.1781,0.16798,TL
2,H6-H1,H6,HH,H,H,L,0.18987,0.17782,0.17428,TL
2,H6-H1,H6,HH,H,H,L,0.19002,0.18561,0.17632,TL
2,H6-H1,H6,HH,H,H,L,0.19435,0.18246,0.17551,TL
2,H6-H1,H6,HH,H,H,L,0.19662,0.18981,0.1714,TL
2,H6-H1,H6,HH,H,H,L,0.19715,0.1777,0.1756,TL
2,H6-H1,H6,HH,H,H,L,0.19875,0.18752,0.16591,TL
2,H6-H1,H6,HH,H,H,L,0.19889,0.19396,0.18014,TL
2,H6-H1,H6,HH,H,H,L,0.20271,0.19114,0.177,TL
2,H6-H1,H6,HH,H,H,L,0.21061,0.20106,,TL
2,H6-H1,H6,HH,H,H,L,0.21258,0.20797,0.18327,TL
2,H6-H1,H6,HH,H,H,L,,0.16975,0.16887,TL
2,H6-H1,H6,HH,H,H,L,,0.17724,0.16255,TL
2,H6-H1,H6,HH,H,H,L,,0.14816,0.15915,TL
2,H6-H1,H6,HH,H,H,R,0.11609,0.11795,0.14708,TL
2,H6-H1,H6,HH,H,H,R,0.14538,0.13996,0.15176,TL
2,H6-H1,H6,HH,H,H,R,0.15713,0.15649,0.16428,TL
2,H6-H1,H6,HH,H,H,R,0.15968,0.16085,,TL
2,H6-H1,H6,HH,H,H,R,0.16149,0.1524,0.14942,TL
2,H6-H1,H6,HH,H,H,R,0.16167,0.16033,0.15598,TL
2,H6-H1,H6,HH,H,H,R,0.17083,0.16189,0.1637,TL
2,H6-H1,H6,HH,H,H,R,0.17141,0.15977,0.15395,TL
2,H6-H1,H6,HH,H,H,R,0.1731,0.15621,,TL
2,H6-H1,H6,HH,H,H,R,0.17641,0.16166,0.1592,TL
2,H6-H1,H6,HH,H,H,R,0.17889,0.16784,,TL
2,H6-H1,H6,HH,H,H,R,0.17948,0.16047,,TL
2,H6-H1,H6,HH,H,H,R,0.18293,0.16979,0.16555,TL
2,H6-H1,H6,HH,H,H,R,0.1832,0.16986,,TL
2,H6-H1,H6,HH,H,H,R,0.18374,0.17086,0.16698,TL
2,H6-H1,H6,HH,H,H,R,0.18485,0.16887,,TL
2,H6-H1,H6,HH,H,H,R,0.18628,0.17965,0.17914,TL
2,H6-H1,H6,HH,H,H,R,0.18852,0.17316,0.16222,TL
2,H6-H1,H6,HH,H,H,R,0.18855,0.17951,0.17149,TL
2,H6-H1,H6,HH,H,H,R,0.18907,0.16718,0.15896,TL
2,H6-H1,H6,HH,H,H,R,0.1906,0.18231,0.16344,TL
2,H6-H1,H6,HH,H,H,R,0.19061,0.18155,,TL
2,H6-H1,H6,HH,H,H,R,0.19656,0.17699,0.16949,TL
2,H6-H1,H6,HH,H,H,R,0.20498,0.189,0.17238,TL
2,H6-H1,H6,HH,H,H,R,0.20525,0.18704,0.16767,TL
2,H6-H1,H6,HH,H,H,R,0.20539,0.18901,0.17686,TL
2,H6-H1,H6,HH,H,H,R,0.2064,0.19615,0.17824,TL
2,H6-H1,H6,HH,H,H,R,0.20663,0.19144,,TL
2,H6-H1,H6,HH,H,H,R,0.21007,0.19902,0.18145,TL
2,H6-H1,H6,HH,H,H,R,0.2147,0.19839,0.18187,TL
2,H6-H1,H6,HH,H,H,R,,0.15643,0.16726,TL
2,H6-H1,H6,HH,H,H,R,,0.15075,0.15144,TL
2,H6-L1,H6,HL,H,L,L,0.12662,0.13127,0.13741,TL
2,H6-L1,H6,HL,H,L,L,0.12976,0.12611,0.13293,TL
2,H6-L1,H6,HL,H,L,L,0.13089,0.13188,0.13732,TL
2,H6-L1,H6,HL,H,L,L,0.13295,0.13254,0.14696,TL
2,H6-L1,H6,HL,H,L,L,0.13381,0.13833,0.14112,TL
2,H6-L1,H6,HL,H,L,L,0.13541,0.13703,,TL
2,H6-L1,H6,HL,H,L,L,0.13578,0.13757,0.13831,TL
2,H6-L1,H6,HL,H,L,L,0.1406,0.13425,0.13202,TL
2,H6-L1,H6,HL,H,L,L,0.14184,0.14563,0.14716,TL
2,H6-L1,H6,HL,H,L,L,0.14616,0.14348,0.15746,TL
2,H6-L1,H6,HL,H,L,L,0.14632,0.14348,0.14372,TL
2,H6-L1,H6,HL,H,L,L,0.14673,0.14549,0.14946,TL
2,H6-L1,H6,HL,H,L,L,0.14687,0.14574,0.15095,TL
2,H6-L1,H6,HL,H,L,L,0.15313,0.1518,0.14836,TL
2,H6-L1,H6,HL,H,L,L,0.15366,0.14893,0.14926,TL
2,H6-L1,H6,HL,H,L,L,0.15443,0.14956,0.15183,TL
2,H6-L1,H6,HL,H,L,L,0.15551,0.1518,,TL
2,H6-L1,H6,HL,H,L,L,0.16163,0.15742,0.16063,TL
2,H6-L1,H6,HL,H,L,L,0.16669,0.16712,0.16031,TL
2,H6-L1,H6,HL,H,L,L,0.18185,0.17481,0.16675,TL
2,H6-L1,H6,HL,H,L,L,,0.15617,0.15248,TL
2,H6-L1,H6,HL,H,L,L,,0.12945,0.13548,TL
2,H6-L1,H6,HL,H,L,L,,0.11409,0.12304,TL
2,H6-L1,H6,HL,H,L,L,,0.12776,0.13087,TL
2,H6-L1,H6,HL,H,L,R,0.10008,0.11609,,TL
2,H6-L1,H6,HL,H,L,R,0.10144,0.12941,0.13819,TL
2,H6-L1,H6,HL,H,L,R,0.13447,0.1413,0.14274,TL
2,H6-L1,H6,HL,H,L,R,0.13701,0.13486,0.13718,TL
2,H6-L1,H6,HL,H,L,R,0.13767,0.13466,0.14138,TL
2,H6-L1,H6,HL,H,L,R,0.13944,0.13978,0.14523,TL
2,H6-L1,H6,HL,H,L,R,0.13945,0.13973,0.14045,TL
2,H6-L1,H6,HL,H,L,R,0.14507,0.1438,0.14657,TL
2,H6-L1,H6,HL,H,L,R,0.14535,0.14706,,TL
2,H6-L1,H6,HL,H,L,R,0.16331,0.15575,0.15288,TL
2,H6-L1,H6,HL,H,L,R,0.1648,0.15739,0.15603,TL
2,H6-L1,H6,HL,H,L,R,,0.16308,0.15789,TL
3,H7-H2,H7,HH,H,H,L,0.15115,0.14901,0.16256,TL
3,H7-H2,H7,HH,H,H,L,0.15218,0.17273,0.16342,TL
3,H7-H2,H7,HH,H,H,L,0.15487,0.14695,0.14786,TL
3,H7-H2,H7,HH,H,H,L,0.15749,0.15696,,TL
3,H7-H2,H7,HH,H,H,L,0.15794,0.15387,0.15164,TL
3,H7-H2,H7,HH,H,H,L,0.15807,0.15164,0.15843,TL
3,H7-H2,H7,HH,H,H,L,0.16609,0.16292,0.16326,TL
3,H7-H2,H7,HH,H,H,L,0.17253,0.16976,0.16618,TL
3,H7-H2,H7,HH,H,H,L,0.1748,0.17463,0.16431,TL
3,H7-H2,H7,HH,H,H,L,0.17566,0.16675,,TL
3,H7-H2,H7,HH,H,H,L,0.17589,0.17104,0.16553,TL
3,H7-H2,H7,HH,H,H,L,0.18006,0.1631,0.15594,TL
3,H7-H2,H7,HH,H,H,L,0.18038,0.17062,0.16435,TL
3,H7-H2,H7,HH,H,H,L,0.18323,0.1777,,TL
3,H7-H2,H7,HH,H,H,L,0.18544,0.18631,0.17196,TL
3,H7-H2,H7,HH,H,H,L,0.18622,0.1781,0.16835,TL
3,H7-H2,H7,HH,H,H,L,0.18921,0.18211,,TL
3,H7-H2,H7,HH,H,H,L,0.19132,0.17472,0.16873,TL
3,H7-H2,H7,HH,H,H,L,0.19149,0.18625,0.18046,TL
3,H7-H2,H7,HH,H,H,L,0.19201,0.18273,0.17189,TL
3,H7-H2,H7,HH,H,H,L,0.19226,0.17677,0.16809,TL
3,H7-H2,H7,HH,H,H,L,0.1928,0.18245,,TL
3,H7-H2,H7,HH,H,H,L,0.20044,0.19489,,TL
3,H7-H2,H7,HH,H,H,L,0.20618,0.19473,0.17703,TL
3,H7-H2,H7,HH,H,H,L,0.22642,0.20954,0.18429,TL
3,H7-H2,H7,HH,H,H,L,,0.15083,0.1466,TL
3,H7-H2,H7,HH,H,H,L,,0.15863,0.15882,TL
3,H7-H2,H7,HH,H,H,R,0.16089,0.15175,,TL
3,H7-H2,H7,HH,H,H,R,0.16989,0.16604,0.16152,TL
3,H7-H2,H7,HH,H,H,R,0.17159,0.16992,,TL
3,H7-H2,H7,HH,H,H,R,0.17304,0.17049,,TL
3,H7-H2,H7,HH,H,H,R,0.17733,0.17065,0.16301,TL
3,H7-H2,H7,HH,H,H,R,0.17763,0.16506,0.15983,TL
3,H7-H2,H7,HH,H,H,R,0.1795,0.17281,0.16507,TL
3,H7-H2,H7,HH,H,H,R,0.18537,0.17666,0.17038,TL
3,H7-H2,H7,HH,H,H,R,0.18555,0.185,0.17279,TL
3,H7-H2,H7,HH,H,H,R,0.18564,0.18645,0.17269,TL
3,H7-H2,H7,HH,H,H,R,0.19129,0.18299,0.17295,TL
3,H7-H2,H7,HH,H,H,R,0.19188,0.17015,,TL
3,H7-H2,H7,HH,H,H,R,0.19308,0.17968,,TL
3,H7-H2,H7,HH,H,H,R,0.19355,0.18341,0.17457,TL
3,H7-H2,H7,HH,H,H,R,0.19565,0.18333,0.17301,TL
3,H7-H2,H7,HH,H,H,R,0.19848,0.18577,,TL
3,H7-H2,H7,HH,H,H,R,0.19906,0.19006,0.18295,TL
3,H7-H2,H7,HH,H,H,R,0.19995,0.19284,,TL
3,H7-H2,H7,HH,H,H,R,0.20205,,,TL
3,H7-H2,H7,HH,H,H,R,0.20957,0.19908,,TL
3,H7-H2,H7,HH,H,H,R,0.21637,0.20573,,TL
3,H7-H2,H7,HH,H,H,R,,0.16439,0.1656,TL
3,H7-L2,H7,HL,H,L,L,0.09849,0.11466,0.12195,TL
3,H7-L2,H7,HL,H,L,L,0.12883,0.14347,,TL
3,H7-L2,H7,HL,H,L,L,0.13358,0.12709,0.14086,TL
3,H7-L2,H7,HL,H,L,L,0.13374,0.13497,0.14982,TL
3,H7-L2,H7,HL,H,L,L,0.13547,0.13305,0.13495,TL
3,H7-L2,H7,HL,H,L,L,0.13736,0.13557,0.13941,TL
3,H7-L2,H7,HL,H,L,L,0.13828,0.14291,,TL
3,H7-L2,H7,HL,H,L,L,0.14064,0.13889,0.13789,TL
3,H7-L2,H7,HL,H,L,L,0.1437,0.14073,,TL
3,H7-L2,H7,HL,H,L,L,0.14461,0.14208,0.14169,TL
3,H7-L2,H7,HL,H,L,L,0.14603,0.14087,0.14261,TL
3,H7-L2,H7,HL,H,L,L,0.14728,0.13631,0.14022,TL
3,H7-L2,H7,HL,H,L,L,0.14748,0.14402,0.14345,TL
3,H7-L2,H7,HL,H,L,L,0.14752,0.14408,0.14312,TL
3,H7-L2,H7,HL,H,L,L,0.15018,0.14086,0.13772,TL
3,H7-L2,H7,HL,H,L,L,0.16224,0.15542,0.15726,TL
3,H7-L2,H7,HL,H,L,L,0.16591,0.15883,0.15247,TL
3,H7-L2,H7,HL,H,L,L,,0.1567,0.1511,TL
3,H7-L2,H7,HL,H,L,L,,0.12293,0.12821,TL
3,H7-L2,H7,HL,H,L,L,,0.13054,0.13435,TL
3,H7-L2,H7,HL,H,L,R,0.10834,0.1123,0.12417,TL
3,H7-L2,H7,HL,H,L,R,0.11549,0.12989,0.13692,TL
3,H7-L2,H7,HL,H,L,R,0.12413,0.12793,0.13729,TL
3,H7-L2,H7,HL,H,L,R,0.12941,0.1404,0.14306,TL
3,H7-L2,H7,HL,H,L,R,0.13457,0.13509,0.13624,TL
3,H7-L2,H7,HL,H,L,R,0.13624,0.13704,0.14941,TL
3,H7-L2,H7,HL,H,L,R,0.13941,0.13598,,TL
3,H7-L2,H7,HL,H,L,R,0.14226,0.13257,0.13098,TL
3,H7-L2,H7,HL,H,L,R,0.14312,0.14635,0.15142,TL
3,H7-L2,H7,HL,H,L,R,0.15363,0.14969,0.15463,TL
3,H7-L2,H7,HL,H,L,R,0.15508,0.14938,0.14907,TL
3,H7-L2,H7,HL,H,L,R,0.15998,0.15644,0.15068,TL
3,H7-L2,H7,HL,H,L,R,0.16396,0.15986,0.15387,TL
3,H8-H2,H8,HH,H,H,L,0.16671,0.15792,,TL
3,H8-H2,H8,HH,H,H,L,0.16709,0.16487,0.15968,TL
3,H8-H2,H8,HH,H,H,L,0.16738,0.16024,0.15844,TL
3,H8-H2,H8,HH,H,H,L,0.16957,0.16164,0.156,TL
3,H8-H2,H8,HH,H,H,L,0.17315,0.16879,0.1543,TL
3,H8-H2,H8,HH,H,H,L,0.17707,0.1725,0.16437,TL
3,H8-H2,H8,HH,H,H,L,0.18193,0.17573,0.16588,TL
3,H8-H2,H8,HH,H,H,L,0.18264,0.17463,0.16684,TL
3,H8-H2,H8,HH,H,H,L,0.18527,0.17556,0.16499,TL
3,H8-H2,H8,HH,H,H,L,0.19268,0.18218,0.17668,TL
3,H8-H2,H8,HH,H,H,L,0.19581,0.18506,,TL
3,H8-H2,H8,HH,H,H,L,0.19808,0.18452,,TL
3,H8-H2,H8,HH,H,H,L,0.20042,0.19134,,TL
3,H8-H2,H8,HH,H,H,L,0.2039,0.1968,0.18575,TL
3,H8-H2,H8,HH,H,H,L,0.20442,0.19859,0.18542,TL
3,H8-H2,H8,HH,H,H,L,0.21768,0.21078,,TL
3,H8-H2,H8,HH,H,H,L,0.21934,0.20398,,TL
3,H8-H2,H8,HH,H,H,R,0.16833,0.19089,0.1712,TL
3,H8-H2,H8,HH,H,H,R,0.1692,0.162,0.15952,TL
3,H8-H2,H8,HH,H,H,R,0.17056,0.18517,0.17433,TL
3,H8-H2,H8,HH,H,H,R,0.17882,0.17723,0.18017,TL
3,H8-H2,H8,HH,H,H,R,0.17937,0.17828,,TL
3,H8-H2,H8,HH,H,H,R,0.18245,0.17551,0.16884,TL
3,H8-H2,H8,HH,H,H,R,0.18334,0.1723,,TL
3,H8-H2,H8,HH,H,H,R,0.18504,0.17783,0.16571,TL
3,H8-H2,H8,HH,H,H,R,0.18572,0.16777,0.16249,TL
3,H8-H2,H8,HH,H,H,R,0.18587,0.1744,0.17112,TL
3,H8-H2,H8,HH,H,H,R,0.18735,0.18202,,TL
3,H8-H2,H8,HH,H,H,R,0.19096,0.17932,,TL
3,H8-H2,H8,HH,H,H,R,0.19163,0.1828,0.17456,TL
3,H8-H2,H8,HH,H,H,R,0.19401,0.18468,,TL
3,H8-H2,H8,HH,H,H,R,0.19625,0.17019,,TL
3,H8-H2,H8,HH,H,H,R,0.19728,0.18666,,TL
3,H8-H2,H8,HH,H,H,R,0.19787,0.19128,0.18395,TL
3,H8-H2,H8,HH,H,H,R,0.19954,0.19009,0.17962,TL
3,H8-H2,H8,HH,H,H,R,0.19997,0.18866,0.17719,TL
3,H8-H2,H8,HH,H,H,R,0.20066,0.19371,,TL
3,H8-H2,H8,HH,H,H,R,0.20349,0.1977,0.17871,TL
3,H8-H2,H8,HH,H,H,R,0.20593,0.1966,0.17973,TL
3,H8-H2,H8,HH,H,H,R,0.21205,0.19778,0.18234,TL
3,H8-H2,H8,HH,H,H,R,0.21757,0.20723,,TL
3,H8-H2,H8,HH,H,H,R,0.22208,0.21625,0.19361,TL
3,H8-H2,H8,HH,H,H,R,0.22273,0.21189,0.19321,TL
3,H8-H2,H8,HH,H,H,R,0.22371,0.21601,0.18915,TL
3,H8-H2,H8,HH,H,H,R,,0.187,0.17954,TL
3,H8-L2,H8,HL,H,L,L,0.1203,0.12075,0.13088,TL
3,H8-L2,H8,HL,H,L,L,0.1252,0.13363,0.14357,TL
3,H8-L2,H8,HL,H,L,L,0.13519,0.13292,0.1494,TL
3,H8-L2,H8,HL,H,L,L,0.13633,0.14167,0.14287,TL
3,H8-L2,H8,HL,H,L,L,0.1378,0.14065,0.13863,TL
3,H8-L2,H8,HL,H,L,L,0.14611,0.13912,0.13837,TL
3,H8-L2,H8,HL,H,L,L,0.14802,0.1458,0.1516,TL
3,H8-L2,H8,HL,H,L,L,0.14806,0.14299,0.14767,TL
3,H8-L2,H8,HL,H,L,L,0.14872,0.13878,0.14374,TL
3,H8-L2,H8,HL,H,L,L,0.15222,0.14614,0.13998,TL
3,H8-L2,H8,HL,H,L,L,0.15229,0.14571,0.14604,TL
3,H8-L2,H8,HL,H,L,L,0.15267,0.15063,0.14335,TL
3,H8-L2,H8,HL,H,L,L,0.15599,0.15082,0.15633,TL
3,H8-L2,H8,HL,H,L,L,0.15607,0.15563,0.16344,TL
3,H8-L2,H8,HL,H,L,L,0.15793,0.15243,0.15515,TL
3,H8-L2,H8,HL,H,L,L,0.16413,0.15826,,TL
3,H8-L2,H8,HL,H,L,L,0.16439,0.15617,0.14932,TL
3,H8-L2,H8,HL,H,L,L,0.17155,0.1575,0.15298,TL
3,H8-L2,H8,HL,H,L,L,,0.13151,0.14085,TL
3,H8-L2,H8,HL,H,L,L,,0.14165,0.14183,TL
3,H8-L2,H8,HL,H,L,L,,0.13834,0.13511,TL
3,H8-L2,H8,HL,H,L,L,,0.12979,0.13363,TL
3,H8-L2,H8,HL,H,L,R,0.09419,0.11432,0.12625,TL
3,H8-L2,H8,HL,H,L,R,0.12081,0.13076,0.13204,TL
3,H8-L2,H8,HL,H,L,R,0.12202,0.12237,0.12951,TL
3,H8-L2,H8,HL,H,L,R,0.12409,0.12561,0.12897,TL
3,H8-L2,H8,HL,H,L,R,0.12421,0.1223,0.13259,TL
3,H8-L2,H8,HL,H,L,R,0.13144,0.12028,,TL
3,H8-L2,H8,HL,H,L,R,0.13228,0.1276,0.13064,TL
3,H8-L2,H8,HL,H,L,R,0.13867,0.14291,0.13822,TL
3,H8-L2,H8,HL,H,L,R,0.14012,0.13551,0.13987,TL
3,H8-L2,H8,HL,H,L,R,0.16021,0.14597,0.15107,TL
3,H8-L2,H8,HL,H,L,R,0.16381,0.1607,0.15539,TL
3,H8-L2,H8,HL,H,L,R,0.16529,0.15555,0.15756,TL
3,H8-L2,H8,HL,H,L,R,0.16733,0.16163,0.15707,TL
3,H8-L2,H8,HL,H,L,R,0.1689,0.16178,0.15808,TL
3,H8-L2,H8,HL,H,L,R,0.17378,0.16317,,TL
3,H8-L2,H8,HL,H,L,R,0.17527,0.17055,0.16502,TL
3,H8-L2,H8,HL,H,L,R,,0.14428,0.14875,TL
3,H8-L2,H8,HL,H,L,R,,0.1554,0.15266,TL
3,H8-L2,H8,HL,H,L,R,,0.14917,0.14881,TL
3,H8-L2,H8,HL,H,L,R,,0.12897,0.1354,TL
3,H9-H2,H9,HH,H,H,L,0.13108,0.14938,0.1456,TL
3,H9-H2,H9,HH,H,H,L,0.15011,0.14734,0.15106,TL
3,H9-H2,H9,HH,H,H,L,0.16983,0.16098,0.15126,TL
3,H9-H2,H9,HH,H,H,L,0.17297,0.16795,0.16348,TL
3,H9-H2,H9,HH,H,H,L,0.17627,0.1775,,TL
3,H9-H2,H9,HH,H,H,L,0.17723,0.16814,0.16421,TL
3,H9-H2,H9,HH,H,H,L,0.18277,0.16998,0.16404,TL
3,H9-H2,H9,HH,H,H,L,0.189,0.18271,0.17737,TL
3,H9-H2,H9,HH,H,H,L,0.19039,0.18505,0.17409,TL
3,H9-H2,H9,HH,H,H,L,0.19299,0.17899,,TL
3,H9-H2,H9,HH,H,H,L,0.19757,0.1935,0.17876,TL
3,H9-H2,H9,HH,H,H,L,0.19776,0.18987,0.17155,TL
3,H9-H2,H9,HH,H,H,L,0.19863,0.19039,,TL
3,H9-H2,H9,HH,H,H,L,0.20076,0.19198,,TL
3,H9-H2,H9,HH,H,H,L,0.20589,0.19694,0.1829,TL
3,H9-H2,H9,HH,H,H,L,0.21506,0.21017,0.18936,TL
3,H9-H2,H9,HH,H,H,L,0.22108,0.21132,0.19259,TL
3,H9-H2,H9,HH,H,H,R,0.15496,0.14646,0.14375,TL
3,H9-H2,H9,HH,H,H,R,0.16098,0.1564,0.16406,TL
3,H9-H2,H9,HH,H,H,R,0.16252,0.15957,0.15984,TL
3,H9-H2,H9,HH,H,H,R,0.16325,0.17077,0.169,TL
3,H9-H2,H9,HH,H,H,R,0.16898,0.16364,0.16187,TL
3,H9-H2,H9,HH,H,H,R,0.17111,0.17503,0.17059,TL
3,H9-H2,H9,HH,H,H,R,0.18175,0.17317,0.16805,TL
3,H9-H2,H9,HH,H,H,R,0.18349,0.1752,,TL
3,H9-H2,H9,HH,H,H,R,0.18438,0.18126,,TL
3,H9-H2,H9,HH,H,H,R,0.18663,0.18622,0.17662,TL
3,H9-H2,H9,HH,H,H,R,0.18754,0.18229,0.17045,TL
3,H9-H2,H9,HH,H,H,R,0.18916,0.18572,,TL
3,H9-H2,H9,HH,H,H,R,0.18968,0.17641,0.16386,TL
3,H9-H2,H9,HH,H,H,R,0.19086,0.17953,,TL
3,H9-H2,H9,HH,H,H,R,0.19163,0.17507,,TL
3,H9-H2,H9,HH,H,H,R,0.19414,0.18465,,TL
3,H9-H2,H9,HH,H,H,R,0.19579,0.18503,0.18012,TL
3,H9-H2,H9,HH,H,H,R,0.19938,0.18749,0.17543,TL
3,H9-H2,H9,HH,H,H,R,0.20341,0.19667,0.18316,TL
3,H9-L2,H9,HL,H,L,L,0.12395,0.14441,,TL
3,H9-L2,H9,HL,H,L,L,0.12456,0.13369,0.13932,TL
3,H9-L2,H9,HL,H,L,L,0.12875,0.13379,0.14039,TL
3,H9-L2,H9,HL,H,L,L,0.13209,,,TL
3,H9-L2,H9,HL,H,L,L,0.13284,0.13788,0.13807,TL
3,H9-L2,H9,HL,H,L,L,0.13488,0.13601,0.14063,TL
3,H9-L2,H9,HL,H,L,L,0.13748,0.13603,0.13858,TL
3,H9-L2,H9,HL,H,L,L,0.13787,0.13979,0.13859,TL
3,H9-L2,H9,HL,H,L,L,0.13881,0.13114,,TL
3,H9-L2,H9,HL,H,L,L,0.14082,0.14056,0.13796,TL
3,H9-L2,H9,HL,H,L,L,0.14094,0.14237,,TL
3,H9-L2,H9,HL,H,L,L,0.14741,0.15383,0.15254,TL
3,H9-L2,H9,HL,H,L,L,0.15283,0.14829,0.15175,TL
3,H9-L2,H9,HL,H,L,L,0.15319,0.15745,0.15792,TL
3,H9-L2,H9,HL,H,L,L,0.15408,,,TL
3,H9-L2,H9,HL,H,L,L,0.15613,0.15115,0.15055,TL
3,H9-L2,H9,HL,H,L,L,0.16076,0.15723,0.15475,TL
3,H9-L2,H9,HL,H,L,L,0.16198,0.15991,0.15135,TL
3,H9-L2,H9,HL,H,L,L,,0.12375,0.12666,TL
3,H9-L2,H9,HL,H,L,R,0.11492,0.11816,,TL
3,H9-L2,H9,HL,H,L,R,0.11509,0.13243,0.13844,TL
3,H9-L2,H9,HL,H,L,R,0.11717,0.124,0.12855,TL
3,H9-L2,H9,HL,H,L,R,0.12253,0.12193,0.13066,TL
3,H9-L2,H9,HL,H,L,R,0.12458,0.12759,0.12973,TL
3,H9-L2,H9,HL,H,L,R,0.12933,0.13095,0.14043,TL
3,H9-L2,H9,HL,H,L,R,0.13606,0.13264,0.13465,TL
3,H9-L2,H9,HL,H,L,R,0.14499,0.14232,0.13937,TL
3,H9-L2,H9,HL,H,L,R,0.14519,0.14009,0.14838,TL
3,H9-L2,H9,HL,H,L,R,0.14649,0.13938,0.12746,TL
3,H9-L2,H9,HL,H,L,R,0.14709,0.14551,0.14975,TL
3,H9-L2,H9,HL,H,L,R,0.1479,0.15448,0.15409,TL
3,H9-L2,H9,HL,H,L,R,0.14891,0.14137,,TL
3,H9-L2,H9,HL,H,L,R,0.15084,0.14518,0.14343,TL
3,H9-L2,H9,HL,H,L,R,0.15262,0.14864,0.14649,TL
3,H9-L2,H9,HL,H,L,R,0.15436,0.15178,0.14731,TL
3,H9-L2,H9,HL,H,L,R,0.15757,0.15472,,TL
3,H9-L2,H9,HL,H,L,R,0.1692,0.15903,0.15579,TL
1,L1-H2,L1,LH,L,H,L,0.14854,0.14103,0.14579,TL
1,L1-H2,L1,LH,L,H,L,0.15323,0.15429,,TL
1,L1-H2,L1,LH,L,H,L,0.15452,0.145,0.15352,TL
1,L1-H2,L1,LH,L,H,L,0.16364,0.16128,,TL
1,L1-H2,L1,LH,L,H,L,0.1646,0.15916,0.15924,TL
1,L1-H2,L1,LH,L,H,L,0.16786,0.1587,0.15751,TL
1,L1-H2,L1,LH,L,H,L,0.16801,0.15711,0.15644,TL
1,L1-H2,L1,LH,L,H,L,0.16881,0.16414,0.16483,TL
1,L1-H2,L1,LH,L,H,L,0.16965,0.159,,TL
1,L1-H2,L1,LH,L,H,L,0.16969,0.15395,0.14916,TL
1,L1-H2,L1,LH,L,H,L,0.17015,0.14045,0.14678,TL
1,L1-H2,L1,LH,L,H,L,0.17026,0.16049,,TL
1,L1-H2,L1,LH,L,H,L,0.17247,0.17412,0.18075,TL
1,L1-H2,L1,LH,L,H,L,0.17409,0.15192,0.15015,TL
1,L1-H2,L1,LH,L,H,L,0.17464,0.1596,0.16308,TL
1,L1-H2,L1,LH,L,H,L,0.18091,0.17378,0.16794,TL
1,L1-H2,L1,LH,L,H,L,0.18129,0.16158,0.16291,TL
1,L1-H2,L1,LH,L,H,L,0.18172,0.16313,0.1552,TL
1,L1-H2,L1,LH,L,H,L,0.18195,0.17037,,TL
1,L1-H2,L1,LH,L,H,L,0.18373,0.17246,0.16837,TL
1,L1-H2,L1,LH,L,H,L,0.18401,0.15258,0.16312,TL
1,L1-H2,L1,LH,L,H,L,0.1865,0.16291,0.16216,TL
1,L1-H2,L1,LH,L,H,L,0.1898,0.17433,0.16738,TL
1,L1-H2,L1,LH,L,H,L,0.19462,0.1701,0.15798,TL
1,L1-H2,L1,LH,L,H,L,0.19592,0.1719,0.16494,TL
1,L1-H2,L1,LH,L,H,L,0.19959,0.17757,0.16816,TL
1,L1-H2,L1,LH,L,H,L,0.20053,0.16432,0.15361,TL
1,L1-H2,L1,LH,L,H,L,,0.14948,0.14804,TL
1,L1-H2,L1,LH,L,H,R,0.14627,0.13342,0.1402,TL
1,L1-H2,L1,LH,L,H,R,0.15229,0.13694,,TL
1,L1-H2,L1,LH,L,H,R,0.15543,0.14714,0.15147,TL
1,L1-H2,L1,LH,L,H,R,0.15612,0.15158,0.15208,TL
1,L1-H2,L1,LH,L,H,R,0.15743,0.14948,0.15283,TL
1,L1-H2,L1,LH,L,H,R,0.16017,0.14052,0.14876,TL
1,L1-H2,L1,LH,L,H,R,0.16197,0.14893,,TL
1,L1-H2,L1,LH,L,H,R,0.16292,0.15129,0.15003,TL
1,L1-H2,L1,LH,L,H,R,0.16445,0.15443,0.14604,TL
1,L1-H2,L1,LH,L,H,R,0.1662,0.15687,0.16794,TL
1,L1-H2,L1,LH,L,H,R,0.16687,0.15037,0.14961,TL
1,L1-H2,L1,LH,L,H,R,0.1674,0.15732,0.15693,TL
1,L1-H2,L1,LH,L,H,R,0.1707,0.15529,0.15467,TL
1,L1-H2,L1,LH,L,H,R,0.17247,0.14487,0.1433,TL
1,L1-H2,L1,LH,L,H,R,0.17358,0.16465,0.16301,TL
1,L1-H2,L1,LH,L,H,R,0.17458,0.16177,0.15204,TL
1,L1-H2,L1,LH,L,H,R,0.17486,0.16939,0.16125,TL
1,L1-H2,L1,LH,L,H,R,0.17652,0.15181,0.15515,TL
1,L1-H2,L1,LH,L,H,R,0.17794,0.17292,0.15976,TL
1,L1-H2,L1,LH,L,H,R,0.17867,0.15698,0.15551,TL
1,L1-H2,L1,LH,L,H,R,0.17871,0.16864,,TL
1,L1-H2,L1,LH,L,H,R,0.18189,0.17814,0.17653,TL
1,L1-H2,L1,LH,L,H,R,0.18456,0.16048,0.1593,TL
1,L1-H2,L1,LH,L,H,R,0.18841,0.17044,,TL
1,L1-H2,L1,LH,L,H,R,0.19321,0.18524,,TL
1,L1-H2,L1,LH,L,H,R,0.19709,0.15709,,TL
1,L1-H2,L1,LH,L,H,R,0.19976,0.16568,0.15824,TL
1,L1-H2,L1,LH,L,H,R,0.20083,0.18015,,TL
1,L1-H2,L1,LH,L,H,R,0.20097,0.18669,,TL
1,L1-H2,L1,LH,L,H,R,0.20349,0.17848,0.17059,TL
1,L1-H2,L1,LH,L,H,R,0.20469,0.18174,0.16308,TL
1,L1-H2,L1,LH,L,H,R,0.20792,0.17915,,TL
1,L1-H2,L1,LH,L,H,R,0.21369,0.19056,,TL
1,L1-H2,L1,LH,L,H,R,0.21404,0.19743,0.17748,TL
1,L1-H2,L1,LH,L,H,R,0.21423,0.18676,,TL
1,L1-L2,L1,LL,L,L,L,0.11048,0.12369,0.13125,TL
1,L1-L2,L1,LL,L,L,L,0.11162,0.13297,0.13303,TL
1,L1-L2,L1,LL,L,L,L,0.11382,0.13704,0.1429,TL
1,L1-L2,L1,LL,L,L,L,0.11715,0.12484,0.13271,TL
1,L1-L2,L1,LL,L,L,L,0.11922,0.1229,0.13784,TL
1,L1-L2,L1,LL,L,L,L,0.1224,0.13386,0.13773,TL
1,L1-L2,L1,LL,L,L,L,0.13135,0.13153,0.13883,TL
1,L1-L2,L1,LL,L,L,L,0.13979,0.13822,0.14784,TL
1,L1-L2,L1,LL,L,L,L,0.14886,0.14662,0.14505,TL
1,L1-L2,L1,LL,L,L,L,0.15733,0.15574,0.15062,TL
1,L1-L2,L1,LL,L,L,L,0.15918,0.15518,0.14763,TL
1,L1-L2,L1,LL,L,L,L,0.16065,0.15833,0.15356,TL
1,L1-L2,L1,LL,L,L,L,,0.13659,0.13897,TL
1,L1-L2,L1,LL,L,L,L,,0.14703,0.14574,TL
1,L1-L2,L1,LL,L,L,L,,0.11827,0.11783,TL
1,L1-L2,L1,LL,L,L,R,0.11579,0.12612,0.12767,TL
1,L1-L2,L1,LL,L,L,R,0.12078,0.1292,0.13058,TL
1,L1-L2,L1,LL,L,L,R,0.12329,0.1365,0.14597,TL
1,L1-L2,L1,LL,L,L,R,0.1235,0.12838,0.13357,TL
1,L1-L2,L1,LL,L,L,R,0.12434,0.13407,,TL
1,L1-L2,L1,LL,L,L,R,0.12567,0.12617,0.13856,TL
1,L1-L2,L1,LL,L,L,R,0.12695,0.13039,0.13732,TL
1,L1-L2,L1,LL,L,L,R,0.13288,0.134,0.13542,TL
1,L1-L2,L1,LL,L,L,R,0.13615,0.13627,0.13875,TL
1,L1-L2,L1,LL,L,L,R,0.13616,0.13777,0.13818,TL
1,L1-L2,L1,LL,L,L,R,0.13783,0.13685,,TL
1,L1-L2,L1,LL,L,L,R,0.13903,0.14007,0.13471,TL
1,L1-L2,L1,LL,L,L,R,0.14257,0.14257,0.1538,TL
1,L1-L2,L1,LL,L,L,R,0.14297,0.14615,0.14495,TL
1,L1-L2,L1,LL,L,L,R,0.14324,0.1428,0.14885,TL
1,L1-L2,L1,LL,L,L,R,0.14828,0.14964,0.14484,TL
1,L1-L2,L1,LL,L,L,R,0.15193,0.15224,0.15106,TL
1,L1-L2,L1,LL,L,L,R,0.15373,0.14976,0.14586,TL
1,L1-L2,L1,LL,L,L,R,,0.13124,0.13439,TL
1,L2-H2,L2,LH,L,H,L,0.15028,0.14733,0.14895,TL
1,L2-H2,L2,LH,L,H,L,0.15809,0.14044,0.14069,TL
1,L2-H2,L2,LH,L,H,L,0.16356,0.14346,0.14709,TL
1,L2-H2,L2,LH,L,H,L,0.16809,0.15171,0.14955,TL
1,L2-H2,L2,LH,L,H,L,0.17545,0.16531,,TL
1,L2-H2,L2,LH,L,H,L,0.17648,0.1611,0.15878,TL
1,L2-H2,L2,LH,L,H,L,0.17879,0.18308,0.17498,TL
1,L2-H2,L2,LH,L,H,L,0.17912,0.16385,0.15961,TL
1,L2-H2,L2,LH,L,H,L,0.1794,0.1648,0.15805,TL
1,L2-H2,L2,LH,L,H,L,0.17995,0.15489,0.1558,TL
1,L2-H2,L2,LH,L,H,L,0.18111,0.15395,,TL
1,L2-H2,L2,LH,L,H,L,0.18144,0.1761,0.17312,TL
1,L2-H2,L2,LH,L,H,L,0.1819,0.16967,0.16129,TL
1,L2-H2,L2,LH,L,H,L,0.18489,0.18095,,TL
1,L2-H2,L2,LH,L,H,L,0.18619,0.16799,0.1667,TL
1,L2-H2,L2,LH,L,H,L,0.18778,0.16232,0.15925,TL
1,L2-H2,L2,LH,L,H,L,0.19247,0.17749,0.16655,TL
1,L2-H2,L2,LH,L,H,L,0.19538,0.18312,0.17765,TL
1,L2-H2,L2,LH,L,H,L,0.19915,0.18055,0.17712,TL
1,L2-H2,L2,LH,L,H,L,0.20055,0.18018,0.17556,TL
1,L2-H2,L2,LH,L,H,L,0.20458,0.18961,0.18122,TL
1,L2-H2,L2,LH,L,H,L,0.21151,0.17395,,TL
1,L2-H2,L2,LH,L,H,L,,0.13911,0.14127,TL
1,L2-H2,L2,LH,L,H,R,0.13447,0.1341,0.13964,TL
1,L2-H2,L2,LH,L,H,R,0.1347,0.13002,0.13092,TL
1,L2-H2,L2,LH,L,H,R,0.14162,0.13537,0.1469,TL
1,L2-H2,L2,LH,L,H,R,0.16005,0.13651,,TL
1,L2-H2,L2,LH,L,H,R,0.16592,0.15986,0.15564,TL
1,L2-H2,L2,LH,L,H,R,0.16668,0.15619,0.1525,TL
1,L2-H2,L2,LH,L,H,R,0.17369,0.15377,0.15795,TL
1,L2-H2,L2,LH,L,H,R,0.17405,0.15732,0.15318,TL
1,L2-H2,L2,LH,L,H,R,0.18411,0.16516,0.16833,TL
1,L2-H2,L2,LH,L,H,R,0.18577,0.1728,0.17228,TL
1,L2-H2,L2,LH,L,H,R,0.18671,0.17593,0.17162,TL
1,L2-H2,L2,LH,L,H,R,0.19067,0.17154,0.17542,TL
1,L2-H2,L2,LH,L,H,R,0.19281,0.14722,0.14287,TL
1,L2-H2,L2,LH,L,H,R,0.19551,0.18685,0.17986,TL
1,L2-H2,L2,LH,L,H,R,0.20241,0.19399,,TL
1,L2-L2,L2,LL,L,L,L,0.11898,0.13244,0.13926,TL
1,L2-L2,L2,LL,L,L,L,0.12234,0.1364,0.13897,TL
1,L2-L2,L2,LL,L,L,L,0.12482,0.13419,0.13733,TL
1,L2-L2,L2,LL,L,L,L,0.1301,0.13112,0.1454,TL
1,L2-L2,L2,LL,L,L,L,0.13168,0.14343,0.14461,TL
1,L2-L2,L2,LL,L,L,L,0.1333,0.13299,0.1519,TL
1,L2-L2,L2,LL,L,L,L,0.13346,0.134,0.14181,TL
1,L2-L2,L2,LL,L,L,L,0.13665,0.13721,0.14116,TL
1,L2-L2,L2,LL,L,L,L,0.13673,0.13593,0.13758,TL
1,L2-L2,L2,LL,L,L,L,0.13997,0.14317,0.14558,TL
1,L2-L2,L2,LL,L,L,L,0.14224,0.15524,0.15721,TL
1,L2-L2,L2,LL,L,L,L,0.14254,0.13974,0.14068,TL
1,L2-L2,L2,LL,L,L,L,0.14293,0.14036,0.14766,TL
1,L2-L2,L2,LL,L,L,L,0.14778,0.14375,0.13929,TL
1,L2-L2,L2,LL,L,L,L,0.15029,0.15496,0.15731,TL
1,L2-L2,L2,LL,L,L,L,0.15051,0.14245,0.14669,TL
1,L2-L2,L2,LL,L,L,L,0.15321,0.14845,0.155,TL
1,L2-L2,L2,LL,L,L,L,0.1594,0.15842,0.15479,TL
1,L2-L2,L2,LL,L,L,L,,0.13115,0.12941,TL
1,L2-L2,L2,LL,L,L,L,,0.14246,0.1459,TL
1,L2-L2,L2,LL,L,L,L,,0.12709,0.13021,TL
1,L2-L2,L2,LL,L,L,L,,0.12574,0.12897,TL
1,L2-L2,L2,LL,L,L,R,0.09767,0.11588,0.133,TL
1,L2-L2,L2,LL,L,L,R,0.10402,0.12103,0.13197,TL
1,L2-L2,L2,LL,L,L,R,0.10867,0.11811,0.12275,TL
1,L2-L2,L2,LL,L,L,R,0.11062,0.106,0.13197,TL
1,L2-L2,L2,LL,L,L,R,0.11404,0.12281,0.1351,TL
1,L2-L2,L2,LL,L,L,R,0.11698,0.12845,0.13391,TL
1,L2-L2,L2,LL,L,L,R,0.11703,0.12255,0.12636,TL
1,L2-L2,L2,LL,L,L,R,0.12405,0.13776,0.14256,TL
1,L2-L2,L2,LL,L,L,R,0.12522,0.12366,0.13718,TL
1,L2-L2,L2,LL,L,L,R,0.12647,0.13557,0.14398,TL
1,L2-L2,L2,LL,L,L,R,0.1334,0.13885,0.13913,TL
1,L2-L2,L2,LL,L,L,R,0.13504,0.14057,0.14253,TL
1,L2-L2,L2,LL,L,L,R,0.14176,0.1489,0.14914,TL
1,L2-L2,L2,LL,L,L,R,0.14262,0.14165,0.14818,TL
1,L2-L2,L2,LL,L,L,R,0.1474,0.14745,0.1449,TL
1,L2-L2,L2,LL,L,L,R,0.15082,0.15065,,TL
1,L2-L2,L2,LL,L,L,R,0.15113,0.15352,0.1514,TL
1,L2-L2,L2,LL,L,L,R,0.15263,0.15028,0.15573,TL
1,L2-L2,L2,LL,L,L,R,0.15272,0.14974,,TL
1,L2-L2,L2,LL,L,L,R,0.15282,0.14969,0.15965,TL
1,L2-L2,L2,LL,L,L,R,,0.11652,0.13475,TL
1,L2-L2,L2,LL,L,L,R,,0.13894,0.14526,TL
1,L2-L2,L2,LL,L,L,R,,0.13429,0.13423,TL
1,L2-L2,L2,LL,L,L,R,,0.14337,0.14532,TL
1,L3-H2,L3,LH,L,H,L,0.13623,0.13116,0.13922,
1,L3-H2,L3,LH,L,H,L,0.14939,0.15014,0.14896,
1,L3-H2,L3,LH,L,H,L,0.15295,0.13816,,
1,L3-H2,L3,LH,L,H,L,0.16061,0.13646,0.14398,
1,L3-H2,L3,LH,L,H,L,0.16705,0.1641,0.16681,
1,L3-H2,L3,LH,L,H,L,0.16829,0.15237,0.15177,
1,L3-H2,L3,LH,L,H,L,0.1694,0.16017,0.15986,
1,L3-H2,L3,LH,L,H,L,0.17049,0.14322,0.15017,
1,L3-H2,L3,LH,L,H,L,0.1766,0.15164,0.15394,
1,L3-H2,L3,LH,L,H,L,0.17915,0.1526,0.14499,
1,L3-H2,L3,LH,L,H,L,0.18107,0.15951,,
1,L3-H2,L3,LH,L,H,L,0.18157,0.1701,0.16235,
1,L3-H2,L3,LH,L,H,L,0.18244,0.17119,,
1,L3-H2,L3,LH,L,H,L,0.18683,0.16295,0.1567,
1,L3-H2,L3,LH,L,H,L,0.18908,0.17788,,
1,L3-H2,L3,LH,L,H,L,0.19249,0.18039,0.16777,
1,L3-H2,L3,LH,L,H,L,0.19251,0.1771,,
1,L3-H2,L3,LH,L,H,L,0.19268,0.16215,0.15622,
1,L3-H2,L3,LH,L,H,L,0.19268,0.17235,0.16946,
1,L3-H2,L3,LH,L,H,L,0.19369,0.16546,0.16289,
1,L3-H2,L3,LH,L,H,L,0.19637,0.16624,0.15779,
1,L3-H2,L3,LH,L,H,L,0.1993,0.1856,0.17376,
1,L3-H2,L3,LH,L,H,L,0.20012,0.17015,0.16296,
1,L3-H2,L3,LH,L,H,L,0.20082,0.17486,,
1,L3-H2,L3,LH,L,H,L,0.20235,0.19059,0.18504,
1,L3-H2,L3,LH,L,H,L,0.20288,0.18235,,
1,L3-H2,L3,LH,L,H,L,0.20322,0.17379,,
1,L3-H2,L3,LH,L,H,L,0.20443,0.1827,0.17403,
1,L3-H2,L3,LH,L,H,L,0.20761,0.18585,0.17848,
1,L3-H2,L3,LH,L,H,L,0.20782,0.18462,0.17439,
1,L3-H2,L3,LH,L,H,L,0.20834,0.1749,0.16217,
1,L3-H2,L3,LH,L,H,L,0.21228,0.17918,0.17032,
1,L3-H2,L3,LH,L,H,L,0.21428,0.17957,,
1,L3-H2,L3,LH,L,H,L,0.21645,0.18836,0.17552,
1,L3-H2,L3,LH,L,H,L,0.21846,0.18608,,
1,L3-H2,L3,LH,L,H,L,0.2262,0.2061,0.1879,
1,L3-H2,L3,LH,L,H,R,0.14818,0.14314,,
1,L3-H2,L3,LH,L,H,R,0.15445,0.13656,0.1474,
1,L3-H2,L3,LH,L,H,R,0.15915,0.13883,,
1,L3-H2,L3,LH,L,H,R,0.15937,0.14534,,
1,L3-H2,L3,LH,L,H,R,0.1599,0.13445,0.13881,
1,L3-H2,L3,LH,L,H,R,0.16704,0.14703,0.15798,
1,L3-H2,L3,LH,L,H,R,0.16809,0.13677,0.14496,
1,L3-H2,L3,LH,L,H,R,0.16961,0.14206,0.14331,
1,L3-H2,L3,LH,L,H,R,0.1709,0.15828,0.15877,
1,L3-H2,L3,LH,L,H,R,0.17128,0.15643,,
1,L3-H2,L3,LH,L,H,R,0.17228,0.16015,,
1,L3-H2,L3,LH,L,H,R,0.17345,0.15793,0.16069,
1,L3-H2,L3,LH,L,H,R,0.17415,0.15993,0.15847,
1,L3-H2,L3,LH,L,H,R,0.17443,0.16352,0.16898,
1,L3-H2,L3,LH,L,H,R,0.17748,0.15474,0.15551,
1,L3-H2,L3,LH,L,H,R,0.18313,0.1645,0.16486,
1,L3-H2,L3,LH,L,H,R,0.1912,0.16624,,
1,L3-H2,L3,LH,L,H,R,0.19208,0.16601,0.16004,
1,L3-H2,L3,LH,L,H,R,0.19447,0.16391,0.15851,
1,L3-H2,L3,LH,L,H,R,0.19553,0.17276,,
1,L3-H2,L3,LH,L,H,R,0.19715,0.17106,0.17321,
1,L3-H2,L3,LH,L,H,R,0.1988,0.17313,0.16255,
1,L3-H2,L3,LH,L,H,R,0.20122,0.17174,0.16798,
1,L3-H2,L3,LH,L,H,R,0.20243,0.16878,0.15882,
1,L3-H2,L3,LH,L,H,R,0.20368,0.18358,0.16597,
1,L3-H2,L3,LH,L,H,R,0.20378,0.17457,0.16227,
1,L3-H2,L3,LH,L,H,R,0.20585,0.17925,0.16218,
1,L3-H2,L3,LH,L,H,R,0.20703,0.18546,,
1,L3-H2,L3,LH,L,H,R,0.20766,0.16995,0.16403,
1,L3-H2,L3,LH,L,H,R,0.21122,0.1729,0.16159,
1,L3-H2,L3,LH,L,H,R,0.21123,0.19632,0.18442,
1,L3-H2,L3,LH,L,H,R,0.21328,0.18632,,
1,L3-H2,L3,LH,L,H,R,,0.15283,0.15554,
1,L3-L2,L3,LL,L,L,L,0.08918,0.12655,0.13386,TL
1,L3-L2,L3,LL,L,L,L,0.10252,0.12708,0.1337,TL
1,L3-L2,L3,LL,L,L,L,0.10477,0.15606,0.1565,TL
1,L3-L2,L3,LL,L,L,L,0.10647,0.12401,0.12983,TL
1,L3-L2,L3,LL,L,L,L,0.11011,0.12173,0.12748,TL
1,L3-L2,L3,LL,L,L,L,0.11895,0.13976,,TL
1,L3-L2,L3,LL,L,L,L,0.12068,0.12651,0.13245,TL
1,L3-L2,L3,LL,L,L,L,0.12698,0.13464,0.14229,TL
1,L3-L2,L3,LL,L,L,L,0.1274,0.13831,0.1401,TL
1,L3-L2,L3,LL,L,L,L,0.12936,0.13542,0.139,TL
1,L3-L2,L3,LL,L,L,L,0.12946,0.13509,0.14077,TL
1,L3-L2,L3,LL,L,L,L,0.13081,0.14336,0.14296,TL
1,L3-L2,L3,LL,L,L,L,0.13247,0.14416,0.14732,TL
1,L3-L2,L3,LL,L,L,L,0.13397,,,TL
1,L3-L2,L3,LL,L,L,L,0.13401,0.15056,0.15778,TL
1,L3-L2,L3,LL,L,L,L,0.13623,0.13662,0.14703,TL
1,L3-L2,L3,LL,L,L,L,0.1373,0.13797,0.13922,TL
1,L3-L2,L3,LL,L,L,L,0.13733,0.14735,0.15364,TL
1,L3-L2,L3,LL,L,L,L,0.15533,0.15226,0.15077,TL
1,L3-L2,L3,LL,L,L,L,0.15567,0.15403,0.15196,TL
1,L3-L2,L3,LL,L,L,L,0.15727,0.15146,0.14979,TL
1,L3-L2,L3,LL,L,L,L,0.15729,0.15429,,TL
1,L3-L2,L3,LL,L,L,L,0.1607,0.15807,0.15631,TL
1,L3-L2,L3,LL,L,L,L,0.16405,0.15943,0.15415,TL
1,L3-L2,L3,LL,L,L,L,0.16578,0.16063,0.16422,TL
1,L3-L2,L3,LL,L,L,L,,0.15906,0.15894,TL
1,L3-L2,L3,LL,L,L,R,0.10073,0.11907,0.13368,TL
1,L3-L2,L3,LL,L,L,R,0.10903,0.12264,0.1328,TL
1,L3-L2,L3,LL,L,L,R,0.11417,0.13101,0.1242,TL
1,L3-L2,L3,LL,L,L,R,0.12472,0.13521,0.13623,TL
1,L3-L2,L3,LL,L,L,R,0.13521,0.14357,,TL
1,L3-L2,L3,LL,L,L,R,0.13549,0.14161,0.1453,TL
1,L3-L2,L3,LL,L,L,R,0.13622,0.14081,0.13875,TL
1,L3-L2,L3,LL,L,L,R,0.13682,0.13602,0.14038,TL
1,L3-L2,L3,LL,L,L,R,0.13917,0.14161,,TL
1,L3-L2,L3,LL,L,L,R,0.13918,0.14405,0.14803,TL
1,L3-L2,L3,LL,L,L,R,0.14235,0.13958,0.14354,TL
1,L3-L2,L3,LL,L,L,R,0.14441,0.1411,0.14616,TL
1,L3-L2,L3,LL,L,L,R,0.14775,0.15595,0.15354,TL
1,L3-L2,L3,LL,L,L,R,0.15236,0.15333,0.15224,TL
1,L3-L2,L3,LL,L,L,R,0.1536,0.15235,,TL
1,L3-L2,L3,LL,L,L,R,0.1545,0.15388,0.15097,TL
1,L3-L2,L3,LL,L,L,R,0.15496,0.15344,0.14937,TL
1,L3-L2,L3,LL,L,L,R,0.15528,0.14713,0.15,TL
1,L3-L2,L3,LL,L,L,R,0.16154,0.156,,TL
1,L3-L2,L3,LL,L,L,R,0.16308,0.15858,0.15968,TL
1,L3-L2,L3,LL,L,L,R,0.17049,0.16283,,TL
2,L4-H1,L4,LH,L,H,L,0.12543,0.12827,0.13957,TL
2,L4-H1,L4,LH,L,H,L,0.14204,0.14338,0.15293,TL
2,L4-H1,L4,LH,L,H,L,0.14252,0.13891,0.13634,TL
2,L4-H1,L4,LH,L,H,L,0.14258,0.14777,0.15092,TL
2,L4-H1,L4,LH,L,H,L,0.15087,0.1479,,TL
2,L4-H1,L4,LH,L,H,L,0.15261,0.14861,0.15554,TL
2,L4-H1,L4,LH,L,H,L,0.15562,0.15408,0.1552,TL
2,L4-H1,L4,LH,L,H,L,0.16006,0.15226,0.15783,TL
2,L4-H1,L4,LH,L,H,L,0.16267,0.14896,0.1491,TL
2,L4-H1,L4,LH,L,H,L,0.16275,0.15611,0.15504,TL
2,L4-H1,L4,LH,L,H,L,0.16362,0.16208,0.16597,TL
2,L4-H1,L4,LH,L,H,L,0.16472,0.15067,0.15407,TL
2,L4-H1,L4,LH,L,H,L,0.16592,0.15217,0.15215,TL
2,L4-H1,L4,LH,L,H,L,0.17313,0.16307,0.1628,TL
2,L4-H1,L4,LH,L,H,L,0.18201,0.16974,0.16533,TL
2,L4-H1,L4,LH,L,H,L,0.1846,0.17379,0.16323,TL
2,L4-H1,L4,LH,L,H,L,0.187,0.17795,0.16458,TL
2,L4-H1,L4,LH,L,H,L,0.19075,0.18062,0.1704,TL
2,L4-H1,L4,LH,L,H,L,0.19819,0.18045,0.17333,TL
2,L4-H1,L4,LH,L,H,L,0.20262,0.1916,0.17971,TL
2,L4-H1,L4,LH,L,H,L,0.207,0.19335,,TL
2,L4-H1,L4,LH,L,H,L,,0.16586,0.1695,TL
2,L4-H1,L4,LH,L,H,R,0.11308,0.11331,,TL
2,L4-H1,L4,LH,L,H,R,0.13839,0.14637,,TL
2,L4-H1,L4,LH,L,H,R,0.14109,0.14155,0.14764,TL
2,L4-H1,L4,LH,L,H,R,0.14649,0.14787,0.14652,TL
2,L4-H1,L4,LH,L,H,R,0.14845,0.14518,0.15428,TL
2,L4-H1,L4,LH,L,H,R,0.15005,0.14216,0.14837,TL
2,L4-H1,L4,LH,L,H,R,0.15064,0.14493,0.15328,TL
2,L4-H1,L4,LH,L,H,R,0.15747,0.16001,0.16183,TL
2,L4-H1,L4,LH,L,H,R,0.15855,0.15363,,TL
2,L4-H1,L4,LH,L,H,R,0.16082,0.15752,,TL
2,L4-H1,L4,LH,L,H,R,0.16242,0.15399,0.14874,TL
2,L4-H1,L4,LH,L,H,R,0.16497,0.1592,0.16105,TL
2,L4-H1,L4,LH,L,H,R,0.16613,0.16035,0.16975,TL
2,L4-H1,L4,LH,L,H,R,0.1668,0.16252,,TL
2,L4-H1,L4,LH,L,H,R,0.16797,0.16046,0.15736,TL
2,L4-H1,L4,LH,L,H,R,0.16854,0.16119,0.15916,TL
2,L4-H1,L4,LH,L,H,R,0.16873,0.16034,,TL
2,L4-H1,L4,LH,L,H,R,0.17507,0.16109,0.16183,TL
2,L4-H1,L4,LH,L,H,R,0.17767,0.16236,0.16067,TL
2,L4-H1,L4,LH,L,H,R,0.17832,0.16639,,TL
2,L4-H1,L4,LH,L,H,R,0.17848,0.15306,0.15768,TL
2,L4-H1,L4,LH,L,H,R,0.18619,0.18217,0.18488,TL
2,L4-H1,L4,LH,L,H,R,0.19595,0.18725,,TL
2,L4-H1,L4,LH,L,H,R,0.20005,0.17976,0.1714,TL
2,L4-H1,L4,LH,L,H,R,0.20688,0.19467,0.184,TL
2,L4-L1,L4,LL,L,L,L,0.1116,0.12234,0.13932,TL
2,L4-L1,L4,LL,L,L,L,0.11897,0.12859,0.13452,TL
2,L4-L1,L4,LL,L,L,L,0.12355,0.13386,0.13828,TL
2,L4-L1,L4,LL,L,L,L,0.12571,0.12762,0.13295,TL
2,L4-L1,L4,LL,L,L,L,0.12849,0.12616,,TL
2,L4-L1,L4,LL,L,L,L,0.13036,0.12811,,TL
2,L4-L1,L4,LL,L,L,L,0.13147,0.13663,0.14227,TL
2,L4-L1,L4,LL,L,L,L,0.13475,0.12892,0.12745,TL
2,L4-L1,L4,LL,L,L,L,0.13616,0.13103,0.13853,TL
2,L4-L1,L4,LL,L,L,L,0.13728,0.13694,0.14306,TL
2,L4-L1,L4,LL,L,L,L,0.1409,0.13675,0.13275,TL
2,L4-L1,L4,LL,L,L,L,0.14288,0.14714,,TL
2,L4-L1,L4,LL,L,L,L,0.14725,0.15153,,TL
2,L4-L1,L4,LL,L,L,L,0.15314,0.15144,,TL
2,L4-L1,L4,LL,L,L,L,0.1549,0.15008,,TL
2,L4-L1,L4,LL,L,L,L,0.15573,0.14908,0.15301,TL
2,L4-L1,L4,LL,L,L,L,0.17471,0.16145,0.15324,TL
2,L4-L1,L4,LL,L,L,L,,0.13668,0.13973,TL
2,L4-L1,L4,LL,L,L,L,,0.12664,0.13672,TL
2,L4-L1,L4,LL,L,L,L,,0.14841,0.1536,TL
2,L4-L1,L4,LL,L,L,R,0.12435,0.12982,0.13659,TL
2,L4-L1,L4,LL,L,L,R,0.12727,0.1364,0.1457,TL
2,L4-L1,L4,LL,L,L,R,0.12784,0.12937,0.13776,TL
2,L4-L1,L4,LL,L,L,R,0.13226,0.1423,0.14992,TL
2,L4-L1,L4,LL,L,L,R,0.13355,0.1343,0.1345,TL
2,L4-L1,L4,LL,L,L,R,0.1352,0.13442,,TL
2,L4-L1,L4,LL,L,L,R,0.13935,0.13609,,TL
2,L4-L1,L4,LL,L,L,R,0.15017,0.14703,0.14421,TL
2,L4-L1,L4,LL,L,L,R,0.15418,0.15215,,TL
2,L4-L1,L4,LL,L,L,R,0.15442,0.15324,,TL
2,L4-L1,L4,LL,L,L,R,0.15573,0.153,0.15108,TL
2,L4-L1,L4,LL,L,L,R,0.1584,0.15423,0.15935,TL
2,L5-H1,L5,LH,L,H,L,0.12005,0.1189,0.13225,TL
2,L5-H1,L5,LH,L,H,L,0.12811,0.13194,,TL
2,L5-H1,L5,LH,L,H,L,0.14567,0.14479,0.1507,TL
2,L5-H1,L5,LH,L,H,L,0.1475,0.14097,,TL
2,L5-H1,L5,LH,L,H,L,0.14964,0.16363,,TL
2,L5-H1,L5,LH,L,H,L,0.15292,0.14513,0.14681,TL
2,L5-H1,L5,LH,L,H,L,0.1543,0.14947,0.15603,TL
2,L5-H1,L5,LH,L,H,L,0.158,0.14258,0.14986,TL
2,L5-H1,L5,LH,L,H,L,0.15824,0.15568,0.15758,TL
2,L5-H1,L5,LH,L,H,L,0.1798,0.17035,0.17307,TL
2,L5-H1,L5,LH,L,H,L,0.18183,0.17313,0.15981,TL
2,L5-H1,L5,LH,L,H,L,0.18336,0.16941,0.168,TL
2,L5-H1,L5,LH,L,H,L,0.18567,0.1719,,TL
2,L5-H1,L5,LH,L,H,L,0.18581,0.18259,0.16979,TL
2,L5-H1,L5,LH,L,H,L,0.18825,0.18097,0.16994,TL
2,L5-H1,L5,LH,L,H,L,0.19126,,,TL
2,L5-H1,L5,LH,L,H,L,0.19193,0.17785,0.16932,TL
2,L5-H1,L5,LH,L,H,L,0.20014,0.17925,0.17091,TL
2,L5-H1,L5,LH,L,H,L,0.20159,0.18029,,TL
2,L5-H1,L5,LH,L,H,L,0.2016,0.18176,0.17664,TL
2,L5-H1,L5,LH,L,H,L,0.20237,0.19441,,TL
2,L5-H1,L5,LH,L,H,L,0.20424,0.18258,0.17819,TL
2,L5-H1,L5,LH,L,H,L,0.20858,0.19298,0.17339,TL
2,L5-H1,L5,LH,L,H,L,0.21447,0.19962,0.18474,TL
2,L5-H1,L5,LH,L,H,R,0.15462,0.14847,0.15407,TL
2,L5-H1,L5,LH,L,H,R,0.15547,0.15011,,TL
2,L5-H1,L5,LH,L,H,R,0.1585,0.15188,,TL
2,L5-H1,L5,LH,L,H,R,0.16506,0.15167,0.14696,TL
2,L5-H1,L5,LH,L,H,R,0.1686,0.16533,0.16341,TL
2,L5-H1,L5,LH,L,H,R,0.17466,0.15739,0.15332,TL
2,L5-H1,L5,LH,L,H,R,0.18446,0.1733,0.17179,TL
2,L5-H1,L5,LH,L,H,R,0.18688,0.17104,0.17026,TL
2,L5-H1,L5,LH,L,H,R,0.1882,0.18106,0.18056,TL
2,L5-H1,L5,LH,L,H,R,0.19482,0.18805,0.17391,TL
2,L5-H1,L5,LH,L,H,R,0.19486,0.18373,0.16628,TL
2,L5-H1,L5,LH,L,H,R,0.20306,0.18187,0.18328,TL
2,L5-H1,L5,LH,L,H,R,0.20557,0.18933,,TL
2,L5-H1,L5,LH,L,H,R,0.20977,0.1911,0.17586,TL
2,L6-H1,L6,LH,L,H,L,0.14579,0.13887,0.13895,TL
2,L6-H1,L6,LH,L,H,L,0.15305,0.14102,0.14311,TL
2,L6-H1,L6,LH,L,H,L,0.15375,0.14292,0.15001,TL
2,L6-H1,L6,LH,L,H,L,0.15588,0.14993,0.15398,TL
2,L6-H1,L6,LH,L,H,L,0.16069,0.14849,0.15978,TL
2,L6-H1,L6,LH,L,H,L,0.16256,0.15363,0.15414,TL
2,L6-H1,L6,LH,L,H,L,0.16391,0.15753,0.1601,TL
2,L6-H1,L6,LH,L,H,L,0.16535,0.14236,,TL
2,L6-H1,L6,LH,L,H,L,0.16561,0.1611,0.16509,TL
2,L6-H1,L6,LH,L,H,L,0.16779,0.15622,0.15045,TL
2,L6-H1,L6,LH,L,H,L,0.17011,0.15649,,TL
2,L6-H1,L6,LH,L,H,L,0.17111,0.16607,0.16922,TL
2,L6-H1,L6,LH,L,H,L,0.17113,0.16073,0.16231,TL
2,L6-H1,L6,LH,L,H,L,0.17257,0.16648,0.15474,TL
2,L6-H1,L6,LH,L,H,L,0.17386,0.16006,,TL
2,L6-H1,L6,LH,L,H,L,0.17729,0.16382,,TL
2,L6-H1,L6,LH,L,H,L,0.17857,0.16321,0.16488,TL
2,L6-H1,L6,LH,L,H,L,0.18023,0.1706,0.1662,TL
2,L6-H1,L6,LH,L,H,L,0.18136,0.15952,0.15663,TL
2,L6-H1,L6,LH,L,H,L,0.18144,0.16199,0.16,TL
2,L6-H1,L6,LH,L,H,L,0.18161,0.1705,0.16773,TL
2,L6-H1,L6,LH,L,H,L,0.18165,0.17168,0.15858,TL
2,L6-H1,L6,LH,L,H,L,0.18472,0.16272,0.15719,TL
2,L6-H1,L6,LH,L,H,L,0.18755,0.17318,,TL
2,L6-H1,L6,LH,L,H,L,0.19014,0.1656,0.15733,TL
2,L6-H1,L6,LH,L,H,L,0.19084,0.17617,0.16188,TL
2,L6-H1,L6,LH,L,H,L,0.19263,0.17754,,TL
2,L6-H1,L6,LH,L,H,L,0.1972,0.19388,,TL
2,L6-H1,L6,LH,L,H,L,0.19837,0.17898,0.16602,TL
2,L6-H1,L6,LH,L,H,L,0.20656,0.1944,0.17852,TL
2,L6-H1,L6,LH,L,H,L,0.20943,0.19378,0.17769,TL
2,L6-H1,L6,LH,L,H,L,,0.1466,0.15322,TL
2,L6-H1,L6,LH,L,H,R,0.13917,0.13162,0.14057,TL
2,L6-H1,L6,LH,L,H,R,0.1477,0.13293,0.14009,TL
2,L6-H1,L6,LH,L,H,R,0.14836,0.13913,,TL
2,L6-H1,L6,LH,L,H,R,0.15118,0.14287,0.14535,TL
2,L6-H1,L6,LH,L,H,R,0.15163,0.14086,0.14139,TL
2,L6-H1,L6,LH,L,H,R,0.15207,0.14714,0.14791,TL
2,L6-H1,L6,LH,L,H,R,0.15221,0.14806,0.15344,TL
2,L6-H1,L6,LH,L,H,R,0.15343,0.14467,,TL
2,L6-H1,L6,LH,L,H,R,0.15845,0.15648,0.15656,TL
2,L6-H1,L6,LH,L,H,R,0.1605,0.14998,0.15108,TL
2,L6-H1,L6,LH,L,H,R,0.16499,0.15716,0.15274,TL
2,L6-H1,L6,LH,L,H,R,0.16822,0.16539,0.1675,TL
2,L6-H1,L6,LH,L,H,R,0.16824,0.15386,,TL
2,L6-H1,L6,LH,L,H,R,0.16999,0.16074,0.15771,TL
2,L6-H1,L6,LH,L,H,R,0.17184,0.15535,0.15557,TL
2,L6-H1,L6,LH,L,H,R,0.17364,0.17304,0.16678,TL
2,L6-H1,L6,LH,L,H,R,0.17574,0.16308,0.15869,TL
2,L6-H1,L6,LH,L,H,R,0.17727,0.16254,0.16255,TL
2,L6-H1,L6,LH,L,H,R,0.17772,0.16446,0.15816,TL
2,L6-H1,L6,LH,L,H,R,0.17797,0.15919,0.1624,TL
2,L6-H1,L6,LH,L,H,R,0.17888,0.16566,0.16488,TL
2,L6-H1,L6,LH,L,H,R,0.18055,0.17392,,TL
2,L6-H1,L6,LH,L,H,R,0.18343,0.17194,0.1637,TL
2,L6-H1,L6,LH,L,H,R,0.18579,0.17941,,TL
2,L6-H1,L6,LH,L,H,R,0.18621,0.17055,0.16566,TL
2,L6-H1,L6,LH,L,H,R,0.18676,0.16439,0.15875,TL
2,L6-H1,L6,LH,L,H,R,0.18688,0.1754,0.17119,TL
2,L6-H1,L6,LH,L,H,R,0.18752,0.18019,0.16549,TL
2,L6-H1,L6,LH,L,H,R,0.19084,0.17776,0.1758,TL
2,L6-H1,L6,LH,L,H,R,0.19195,0.17628,0.16499,TL
2,L6-H1,L6,LH,L,H,R,0.19325,0.18402,0.17109,TL
2,L6-H1,L6,LH,L,H,R,0.19604,0.18374,,TL
2,L6-H1,L6,LH,L,H,R,0.19799,0.18195,0.17306,TL
2,L6-H1,L6,LH,L,H,R,0.20126,0.18795,0.17315,TL
2,L6-H1,L6,LH,L,H,R,0.20354,0.18972,0.17238,TL
2,L6-H1,L6,LH,L,H,R,0.20617,0.19383,0.18061,TL
2,L6-H1,L6,LH,L,H,R,0.22142,0.20108,,TL
2,L6-H1,L6,LH,L,H,R,,0.16282,0.15699,TL
2,L6-L1,L6,LL,L,L,L,0.10497,0.11943,0.13234,TL
2,L6-L1,L6,LL,L,L,L,0.12577,0.12885,0.133,TL
2,L6-L1,L6,LL,L,L,L,0.12592,0.12729,0.13624,TL
2,L6-L1,L6,LL,L,L,L,0.13885,0.1401,0.14225,TL
2,L6-L1,L6,LL,L,L,L,0.14503,0.14544,0.14494,TL
2,L6-L1,L6,LL,L,L,L,0.14562,0.14842,0.1469,TL
2,L6-L1,L6,LL,L,L,L,0.14989,0.15173,0.15541,TL
2,L6-L1,L6,LL,L,L,L,0.15262,0.1344,0.13502,TL
2,L6-L1,L6,LL,L,L,L,0.15392,0.15255,0.15251,TL
2,L6-L1,L6,LL,L,L,L,0.1546,0.1504,0.14488,TL
2,L6-L1,L6,LL,L,L,L,0.15638,0.1571,,TL
2,L6-L1,L6,LL,L,L,L,0.15658,0.15432,0.15739,TL
2,L6-L1,L6,LL,L,L,L,0.1566,0.15059,0.15529,TL
2,L6-L1,L6,LL,L,L,L,0.16249,0.15583,0.15192,TL
2,L6-L1,L6,LL,L,L,L,0.16259,0.1591,0.15629,TL
2,L6-L1,L6,LL,L,L,L,0.16325,0.16003,0.15333,TL
2,L6-L1,L6,LL,L,L,L,0.16763,0.16059,0.16068,TL
2,L6-L1,L6,LL,L,L,L,0.17358,0.16443,0.15791,TL
2,L6-L1,L6,LL,L,L,L,0.17805,0.16666,,TL
2,L6-L1,L6,LL,L,L,L,,0.1174,0.12458,TL
2,L6-L1,L6,LL,L,L,L,,0.13005,0.13274,TL
2,L6-L1,L6,LL,L,L,L,,0.13907,0.13839,TL
2,L6-L1,L6,LL,L,L,R,0.10999,0.12194,0.13409,TL
2,L6-L1,L6,LL,L,L,R,0.11087,0.11454,0.11784,TL
2,L6-L1,L6,LL,L,L,R,0.11594,0.11733,0.13329,TL
2,L6-L1,L6,LL,L,L,R,0.12839,0.12856,0.1327,TL
2,L6-L1,L6,LL,L,L,R,0.13481,0.13493,0.14595,TL
2,L6-L1,L6,LL,L,L,R,0.13499,0.13066,0.13823,TL
2,L6-L1,L6,LL,L,L,R,0.13982,0.13649,0.14191,TL
2,L6-L1,L6,LL,L,L,R,0.1405,0.14187,0.14353,TL
2,L6-L1,L6,LL,L,L,R,0.14098,0.13797,0.13929,TL
2,L6-L1,L6,LL,L,L,R,0.14664,0.14472,0.1489,TL
2,L6-L1,L6,LL,L,L,R,0.15163,0.15191,0.15223,TL
2,L6-L1,L6,LL,L,L,R,0.15379,0.14863,0.15136,TL
2,L6-L1,L6,LL,L,L,R,0.15424,0.14574,0.14931,TL
2,L6-L1,L6,LL,L,L,R,0.15627,0.15274,0.15078,TL
2,L6-L1,L6,LL,L,L,R,0.15737,0.1482,0.14737,TL
2,L6-L1,L6,LL,L,L,R,0.15743,0.15439,0.15347,TL
2,L6-L1,L6,LL,L,L,R,0.15895,0.14829,0.15304,TL
2,L6-L1,L6,LL,L,L,R,0.16001,0.15101,0.14617,TL
2,L6-L1,L6,LL,L,L,R,0.16159,0.15525,0.14961,TL
2,L6-L1,L6,LL,L,L,R,0.16487,0.15835,0.15675,TL
2,L6-L1,L6,LL,L,L,R,0.16514,0.16799,0.16478,TL
2,L6-L1,L6,LL,L,L,R,0.16911,0.16694,0.16585,TL
2,L6-L1,L6,LL,L,L,R,0.17059,0.16408,0.15706,TL
2,L6-L1,L6,LL,L,L,R,0.17279,0.15771,,TL
2,L6-L1,L6,LL,L,L,R,,0.13305,0.13648,TL
3,L7-H2,L7,LH,L,H,L,0.15252,0.15255,0.15301,TL
3,L7-H2,L7,LH,L,H,L,0.1634,0.16242,0.16287,TL
3,L7-H2,L7,LH,L,H,L,0.17506,0.17028,0.16458,TL
3,L7-H2,L7,LH,L,H,L,0.17614,0.16798,,TL
3,L7-H2,L7,LH,L,H,L,0.17648,0.1684,0.16142,TL
3,L7-H2,L7,LH,L,H,L,0.17861,0.17698,,TL
3,L7-H2,L7,LH,L,H,L,0.18496,0.17513,0.17256,TL
3,L7-H2,L7,LH,L,H,L,0.18676,0.18149,,TL
3,L7-H2,L7,LH,L,H,L,0.19109,0.18422,,TL
3,L7-H2,L7,LH,L,H,L,0.19599,0.18858,0.17372,TL
3,L7-H2,L7,LH,L,H,L,0.19633,0.1907,0.16814,TL
3,L7-H2,L7,LH,L,H,L,0.20733,0.20407,,TL
3,L7-H2,L7,LH,L,H,L,0.20809,0.19308,,TL
3,L7-H2,L7,LH,L,H,L,0.21471,0.20803,,TL
3,L7-H2,L7,LH,L,H,L,,0.16313,0.16457,TL
3,L7-H2,L7,LH,L,H,L,,0.14411,0.14701,TL
3,L7-H2,L7,LH,L,H,R,0.11869,0.11694,0.12616,TL
3,L7-H2,L7,LH,L,H,R,0.14987,0.1439,0.14657,TL
3,L7-H2,L7,LH,L,H,R,0.15488,0.14974,0.15096,TL
3,L7-H2,L7,LH,L,H,R,0.15863,0.15802,0.16382,TL
3,L7-H2,L7,LH,L,H,R,0.16213,0.15606,,TL
3,L7-H2,L7,LH,L,H,R,0.16583,0.16257,0.16189,TL
3,L7-H2,L7,LH,L,H,R,0.16674,0.1652,,TL
3,L7-H2,L7,LH,L,H,R,0.17098,0.1668,0.16591,TL
3,L7-H2,L7,LH,L,H,R,0.17193,0.16574,0.1649,TL
3,L7-H2,L7,LH,L,H,R,0.18033,0.17299,0.15896,TL
3,L7-H2,L7,LH,L,H,R,0.18065,0.17239,0.15993,TL
3,L7-H2,L7,LH,L,H,R,0.18318,0.17416,0.172,TL
3,L7-H2,L7,LH,L,H,R,0.18518,0.1747,0.16931,TL
3,L7-H2,L7,LH,L,H,R,0.19033,0.18254,0.17702,TL
3,L7-H2,L7,LH,L,H,R,0.19107,0.18667,,TL
3,L7-H2,L7,LH,L,H,R,0.19569,0.19847,0.18115,TL
3,L7-H2,L7,LH,L,H,R,0.20199,0.19824,,TL
3,L7-H2,L7,LH,L,H,R,,0.14847,0.15361,TL
3,L7-L2,L7,LL,L,L,L,0.11988,0.11807,0.12376,TL
3,L7-L2,L7,LL,L,L,L,0.11992,0.12607,0.12552,TL
3,L7-L2,L7,LL,L,L,L,0.12221,0.13926,,TL
3,L7-L2,L7,LL,L,L,L,0.12547,0.12727,,TL
3,L7-L2,L7,LL,L,L,L,0.13908,0.13576,0.13951,TL
3,L7-L2,L7,LL,L,L,L,0.14305,0.13882,0.14719,TL
3,L7-L2,L7,LL,L,L,L,0.14894,0.1422,0.14867,TL
3,L7-L2,L7,LL,L,L,L,0.16258,0.16309,0.1581,TL
3,L7-L2,L7,LL,L,L,R,0.09813,0.12095,0.14025,TL
3,L7-L2,L7,LL,L,L,R,0.10819,0.11476,0.12293,TL
3,L7-L2,L7,LL,L,L,R,0.11299,0.12685,,TL
3,L7-L2,L7,LL,L,L,R,0.12363,0.11849,0.13571,TL
3,L7-L2,L7,LL,L,L,R,0.12669,0.13647,0.13604,TL
3,L7-L2,L7,LL,L,L,R,0.1328,0.12999,0.13627,TL
3,L7-L2,L7,LL,L,L,R,0.13469,0.13235,0.13303,TL
3,L7-L2,L7,LL,L,L,R,0.14781,0.14524,0.14714,TL
3,L7-L2,L7,LL,L,L,R,0.14804,0.13781,,TL
3,L7-L2,L7,LL,L,L,R,0.14841,0.14314,0.13932,TL
3,L7-L2,L7,LL,L,L,R,,0.11327,0.12265,TL
3,L8-L2,L8,LL,L,L,L,0.11013,0.11404,0.12819,TL
3,L8-L2,L8,LL,L,L,L,0.11838,0.12212,0.13013,TL
3,L8-L2,L8,LL,L,L,L,0.12954,0.13114,0.13964,TL
3,L8-L2,L8,LL,L,L,L,0.13422,0.13065,0.13833,TL
3,L8-L2,L8,LL,L,L,L,0.13631,0.13278,0.13831,TL
3,L8-L2,L8,LL,L,L,L,0.13659,0.13695,0.1371,TL
3,L8-L2,L8,LL,L,L,L,0.13941,0.13565,0.14926,TL
3,L8-L2,L8,LL,L,L,L,0.14371,0.14054,0.14273,TL
3,L8-L2,L8,LL,L,L,L,0.14447,0.14271,,TL
3,L8-L2,L8,LL,L,L,L,0.15289,0.14412,0.13727,TL
3,L8-L2,L8,LL,L,L,L,0.15312,0.14819,0.14525,TL
3,L8-L2,L8,LL,L,L,L,0.15356,0.1461,0.1462,TL
3,L8-L2,L8,LL,L,L,L,0.15379,0.14663,0.14377,TL
3,L8-L2,L8,LL,L,L,L,0.15418,0.14632,0.14543,TL
3,L8-L2,L8,LL,L,L,L,0.15761,0.15055,0.15088,TL
3,L8-L2,L8,LL,L,L,L,0.1594,0.14762,0.14896,TL
3,L8-L2,L8,LL,L,L,L,0.16042,0.15832,,TL
3,L8-L2,L8,LL,L,L,L,0.16246,0.15532,0.14719,TL
3,L8-L2,L8,LL,L,L,L,0.1732,0.16501,0.16228,TL
3,L8-L2,L8,LL,L,L,L,0.1771,0.16147,0.15402,TL
3,L8-L2,L8,LL,L,L,R,0.11728,0.12597,,TL
3,L8-L2,L8,LL,L,L,R,0.12308,0.12085,0.12903,TL
3,L8-L2,L8,LL,L,L,R,0.12547,0.13111,0.13417,TL
3,L8-L2,L8,LL,L,L,R,0.12722,0.12766,0.13584,TL
3,L8-L2,L8,LL,L,L,R,0.12724,0.13616,0.13842,TL
3,L8-L2,L8,LL,L,L,R,0.12833,0.13004,0.14329,TL
3,L8-L2,L8,LL,L,L,R,0.13168,0.12938,0.14281,TL
3,L8-L2,L8,LL,L,L,R,0.13327,0.13256,0.13548,TL
3,L8-L2,L8,LL,L,L,R,0.13662,0.13876,0.13912,TL
3,L8-L2,L8,LL,L,L,R,0.13712,0.12712,0.14634,TL
3,L8-L2,L8,LL,L,L,R,0.13733,0.13048,0.13391,TL
3,L8-L2,L8,LL,L,L,R,0.13796,0.13672,0.13849,TL
3,L8-L2,L8,LL,L,L,R,0.14109,0.13956,,TL
3,L8-L2,L8,LL,L,L,R,0.14279,0.13863,0.14047,TL
3,L8-L2,L8,LL,L,L,R,0.14453,0.14922,,TL
3,L8-L2,L8,LL,L,L,R,0.1448,0.1426,0.1442,TL
3,L8-L2,L8,LL,L,L,R,0.14677,0.14519,0.14768,TL
3,L8-L2,L8,LL,L,L,R,0.14705,0.13398,0.13544,TL
3,L8-L2,L8,LL,L,L,R,0.14765,0.14716,0.14741,TL
3,L8-L2,L8,LL,L,L,R,0.14916,0.14211,0.1513,TL
3,L8-L2,L8,LL,L,L,R,0.14933,0.14555,0.14573,TL
3,L8-L2,L8,LL,L,L,R,0.15219,0.14987,0.14752,TL
3,L8-L2,L8,LL,L,L,R,0.15222,0.15031,0.14761,TL
3,L8-L2,L8,LL,L,L,R,0.1529,0.14458,0.14622,TL
3,L8-L2,L8,LL,L,L,R,0.154,0.15657,,TL
3,L8-L2,L8,LL,L,L,R,0.15651,0.14945,0.15039,TL
3,L8-L2,L8,LL,L,L,R,0.15666,0.15171,0.14828,TL
3,L8-L2,L8,LL,L,L,R,0.15755,0.14393,0.1423,TL
3,L8-L2,L8,LL,L,L,R,,0.13792,0.14111,TL
3,L8-L2,L8,LL,L,L,R,,0.13291,0.13775,TL
3,L9-H2,L9,LH,L,H,L,0.14917,0.14073,0.14328,TL
3,L9-H2,L9,LH,L,H,L,0.15468,0.15172,0.15789,TL
3,L9-H2,L9,LH,L,H,L,0.15755,0.15156,0.15167,TL
3,L9-H2,L9,LH,L,H,L,0.16224,0.15827,0.15499,TL
3,L9-H2,L9,LH,L,H,L,0.16479,0.16065,0.16455,TL
3,L9-H2,L9,LH,L,H,L,0.1654,0.15654,,TL
3,L9-H2,L9,LH,L,H,L,0.16826,0.16514,0.17025,TL
3,L9-H2,L9,LH,L,H,L,0.16861,0.16436,0.16142,TL
3,L9-H2,L9,LH,L,H,L,0.17168,0.16661,,TL
3,L9-H2,L9,LH,L,H,L,0.17367,0.16781,0.16232,TL
3,L9-H2,L9,LH,L,H,L,0.17374,0.17473,,TL
3,L9-H2,L9,LH,L,H,L,0.18003,0.16844,,TL
3,L9-H2,L9,LH,L,H,L,0.18306,0.1719,0.17028,TL
3,L9-H2,L9,LH,L,H,L,0.19165,0.18198,0.16606,TL
3,L9-H2,L9,LH,L,H,L,0.19966,0.1833,0.17417,TL
3,L9-H2,L9,LH,L,H,L,0.19996,0.19032,0.17845,TL
3,L9-H2,L9,LH,L,H,L,0.20069,0.19413,0.18782,TL
3,L9-H2,L9,LH,L,H,L,0.20298,0.1944,0.17348,TL
3,L9-H2,L9,LH,L,H,L,0.20496,0.19405,0.18418,TL
3,L9-H2,L9,LH,L,H,L,0.21057,0.20136,0.17862,TL
3,L9-H2,L9,LH,L,H,L,0.21172,0.20312,0.17869,TL
3,L9-H2,L9,LH,L,H,L,0.21361,0.20039,0.18053,TL
3,L9-H2,L9,LH,L,H,L,0.2138,0.19651,0.18178,TL
3,L9-H2,L9,LH,L,H,L,0.21454,0.20176,0.18614,TL
3,L9-H2,L9,LH,L,H,L,0.21907,0.21357,,TL
3,L9-H2,L9,LH,L,H,L,0.22572,0.2175,0.18999,TL
3,L9-H2,L9,LH,L,H,L,,0.14945,0.15185,TL
3,L9-H2,L9,LH,L,H,L,,0.17758,0.1563,TL
3,L9-H2,L9,LH,L,H,R,0.10015,0.11525,0.12633,TL
3,L9-H2,L9,LH,L,H,R,0.1613,0.15986,,TL
3,L9-H2,L9,LH,L,H,R,0.16985,0.16233,0.15748,TL
3,L9-H2,L9,LH,L,H,R,0.17258,0.15864,0.15182,TL
3,L9-H2,L9,LH,L,H,R,0.17276,0.16658,,TL
3,L9-H2,L9,LH,L,H,R,0.17388,0.16495,0.15517,TL
3,L9-H2,L9,LH,L,H,R,0.17455,0.16856,0.16734,TL
3,L9-H2,L9,LH,L,H,R,0.17726,0.16523,0.16281,TL
3,L9-H2,L9,LH,L,H,R,0.17796,0.17241,0.17262,TL
3,L9-H2,L9,LH,L,H,R,0.17978,0.17971,0.1825,TL
3,L9-H2,L9,LH,L,H,R,0.18075,0.1685,0.16106,TL
3,L9-H2,L9,LH,L,H,R,0.18143,0.17606,,TL
3,L9-H2,L9,LH,L,H,R,0.18702,0.17267,0.17209,TL
3,L9-H2,L9,LH,L,H,R,0.1876,0.17276,0.15468,TL
3,L9-H2,L9,LH,L,H,R,0.18772,0.17552,0.17417,TL
3,L9-H2,L9,LH,L,H,R,0.1894,0.18062,,TL
3,L9-H2,L9,LH,L,H,R,0.19161,0.17956,,TL
3,L9-H2,L9,LH,L,H,R,0.19525,0.186,0.172,TL
3,L9-H2,L9,LH,L,H,R,0.19634,0.18921,0.1723,TL
3,L9-H2,L9,LH,L,H,R,0.19777,0.18825,0.17711,TL
3,L9-H2,L9,LH,L,H,R,0.2005,0.19032,,TL
3,L9-H2,L9,LH,L,H,R,0.20279,0.19249,0.17745,TL
3,L9-H2,L9,LH,L,H,R,0.20294,0.19984,0.18856,TL
3,L9-H2,L9,LH,L,H,R,0.20539,0.19802,0.18381,TL
3,L9-H2,L9,LH,L,H,R,0.20552,0.19167,0.17494,TL
3,L9-H2,L9,LH,L,H,R,0.20672,0.1952,0.18475,TL
3,L9-H2,L9,LH,L,H,R,0.20904,0.20236,0.17838,TL
3,L9-H2,L9,LH,L,H,R,0.21479,0.19899,,TL
3,L9-H2,L9,LH,L,H,R,0.21573,0.20288,,TL
3,L9-H2,L9,LH,L,H,R,0.21739,0.20835,0.18719,TL
3,L9-H2,L9,LH,L,H,R,,0.15999,0.16175,TL
3,L9-L2,L9,LL,L,L,L,0.10846,0.1182,0.12956,TL
3,L9-L2,L9,LL,L,L,L,0.11681,0.12732,0.13108,TL
3,L9-L2,L9,LL,L,L,L,0.11854,0.12348,0.13797,TL
3,L9-L2,L9,LL,L,L,L,0.12575,0.1238,0.1242,TL
3,L9-L2,L9,LL,L,L,L,0.13231,0.1297,0.13302,TL
3,L9-L2,L9,LL,L,L,L,0.13379,0.13843,0.14276,TL
3,L9-L2,L9,LL,L,L,L,0.13614,0.13612,0.14694,TL
3,L9-L2,L9,LL,L,L,L,0.13698,0.13628,0.14273,TL
3,L9-L2,L9,LL,L,L,L,0.1392,0.13641,0.13941,TL
3,L9-L2,L9,LL,L,L,L,0.13924,0.13206,,TL
3,L9-L2,L9,LL,L,L,L,0.1398,0.1392,,TL
3,L9-L2,L9,LL,L,L,L,0.14027,0.13644,0.13543,TL
3,L9-L2,L9,LL,L,L,L,0.14161,0.14329,,TL
3,L9-L2,L9,LL,L,L,L,0.14235,0.14018,0.14534,TL
3,L9-L2,L9,LL,L,L,L,0.14457,0.14267,0.14689,TL
3,L9-L2,L9,LL,L,L,L,0.1478,0.14362,0.14572,TL
3,L9-L2,L9,LL,L,L,L,0.14966,0.14867,,TL
3,L9-L2,L9,LL,L,L,L,0.14983,0.14268,0.14559,TL
3,L9-L2,L9,LL,L,L,L,0.15458,0.15143,,TL
3,L9-L2,L9,LL,L,L,L,0.15585,0.14122,0.13996,TL
3,L9-L2,L9,LL,L,L,L,0.16054,0.1516,,TL
3,L9-L2,L9,LL,L,L,L,0.17123,0.16619,0.16904,TL
3,L9-L2,L9,LL,L,L,L,0.17412,0.16565,0.16014,TL
3,L9-L2,L9,LL,L,L,L,,0.14514,0.14445,TL
3,L9-L2,L9,LL,L,L,L,,0.15573,0.15777,TL
3,L9-L2,L9,LL,L,L,L,,0.12025,0.12258,TL
3,L9-L2,L9,LL,L,L,R,0.12862,0.13268,0.14603,TL
3,L9-L2,L9,LL,L,L,R,0.13158,0.13663,0.13801,TL
3,L9-L2,L9,LL,L,L,R,0.13307,0.13332,0.13498,TL
3,L9-L2,L9,LL,L,L,R,0.13348,0.13485,0.13403,TL
3,L9-L2,L9,LL,L,L,R,0.13493,0.13439,0.1486,TL
3,L9-L2,L9,LL,L,L,R,0.13542,0.13584,0.1339,TL
3,L9-L2,L9,LL,L,L,R,0.13712,0.13911,0.14589,TL
3,L9-L2,L9,LL,L,L,R,0.13978,0.13355,0.14273,TL
3,L9-L2,L9,LL,L,L,R,0.14216,0.13762,0.13959,TL
3,L9-L2,L9,LL,L,L,R,0.14418,0.13853,0.14015,TL
3,L9-L2,L9,LL,L,L,R,0.14542,0.14187,,TL
3,L9-L2,L9,LL,L,L,R,0.14596,0.13533,0.13532,TL
3,L9-L2,L9,LL,L,L,R,0.14761,0.14891,0.14611,TL
3,L9-L2,L9,LL,L,L,R,0.14961,0.14817,0.15134,TL
3,L9-L2,L9,LL,L,L,R,0.15145,0.14708,0.1437,TL
3,L9-L2,L9,LL,L,L,R,0.15273,0.14878,,TL
3,L9-L2,L9,LL,L,L,R,0.15496,0.14874,0.14702,TL
3,L9-L2,L9,LL,L,L,R,0.15597,,,TL
3,L9-L2,L9,LL,L,L,R,0.16759,0.16037,0.15731,TL
3,L9-L2,L9,LL,L,L,R,0.17423,0.17007,0.1636,TL
3,L9-L2,L9,LL,L,L,R,,0.13266,0.13907,TL